 -8.1484925172E-03  1.9823590378E+00
 -1.0507551299E-02  1.7923061274E+00
 -1.2876454631E-02  1.6664642583E+00
 -1.4947271269E-02  1.5898583443E+00
 -1.6374624248E-02  1.5526719734E+00
 -1.6881546788E-02  1.5490686802E+00
 -1.6374022988E-02  1.5757050922E+00
 -1.4991756204E-02  1.6303710840E+00
 -1.3052717765E-02  1.7113921114E+00
 -1.0922845023E-02  1.8183811191E+00
 -8.8912332409E-03  1.9541852592E+00
 -9.8253549372E-03  1.8843647112E+00
 -8.7119205610E-03  1.9296428658E+00
 -1.1966877782E-02  1.7079750979E+00
 -1.5710031554E-02  1.5574872883E+00
 -1.9639146874E-02  1.4584053195E+00
 -2.3239610411E-02  1.3977177974E+00
 -2.5859861749E-02  1.3682680087E+00
 -2.6923493481E-02  1.3668116864E+00
 -2.6191058253E-02  1.3915895021E+00
 -2.3895279566E-02  1.4402714285E+00
 -2.0635987123E-02  1.5091333429E+00
 -1.7103162989E-02  1.5944185842E+00
 -1.3816568213E-02  1.6960647962E+00
 -1.1020552619E-02  1.8209069813E+00
 -8.7348531370E-03  1.9801725298E+00
 -7.7209441069E-03  1.9809278894E+00
 -1.0514133837E-02  1.8015365717E+00
 -1.4163183928E-02  1.6494959261E+00
 -1.2082272779E-02  1.7035438548E+00
 -1.6939399338E-02  1.5213460680E+00
 -2.2802753767E-02  1.3962663250E+00
 -2.9282186245E-02  1.3100498034E+00
 -3.5530893225E-02  1.2529109621E+00
 -4.0334769147E-02  1.2217070996E+00
 -4.2523476227E-02  1.2166346682E+00
 -4.1537144788E-02  1.2378804205E+00
 -3.7749982823E-02  1.2831390823E+00
 -3.2276436404E-02  1.3465746918E+00
 -2.6403905515E-02  1.4204158661E+00
 -2.1068174707E-02  1.5002279753E+00
 -1.6662207736E-02  1.5908798269E+00
 -1.3159011007E-02  1.7055011234E+00
 -1.0354601304E-02  1.8557326447E+00
 -7.9370958122E-03  1.8807684336E+00
 -1.0913807836E-02  1.7246430145E+00
 -1.4928090703E-02  1.5921076621E+00
 -2.0194953113E-02  1.4786533158E+00
 -1.6049419727E-02  1.5512663096E+00
 -2.3091594067E-02  1.3941881178E+00
 -3.2045009430E-02  1.2799600196E+00
 -4.2458910717E-02  1.1932343540E+00
 -5.2991931141E-02  1.1290339578E+00
 -6.1486329467E-02  1.0889283639E+00
 -6.5713423800E-02  1.0763101384E+00
 -6.4499245827E-02  1.0928216380E+00
 -5.8413817347E-02  1.1361510881E+00
 -4.9433071548E-02  1.1989300635E+00
 -3.9855655504E-02  1.2699480737E+00
 -3.1315348038E-02  1.3399977165E+00
 -2.4447358037E-02  1.4104830635E+00
 -1.9139552867E-02  1.4950416121E+00
 -1.4983500804E-02  1.6090487508E+00
 -1.1621403261E-02  1.7567371621E+00
 -8.8869437015E-03  1.9197706265E+00
  4.7194746640E-03  1.8275325786E+00
  4.8831869112E-03  1.7564513508E+00
  5.8953404142E-03  1.8032809914E+00
 -7.8136722111E-03  1.7646456472E+00
 -1.0756851339E-02  1.6543319113E+00
 -1.4947629094E-02  1.5378738556E+00
 -2.0717897951E-02  1.4370272179E+00
 -2.8403627614E-02  1.3459600652E+00
 -2.0360620633E-02  1.4515001383E+00
 -3.0145342590E-02  1.3062095272E+00
 -4.3204721554E-02  1.1906278658E+00
 -5.9094882504E-02  1.0940787789E+00
 -7.5821369137E-02  1.0172151954E+00
 -8.9840506909E-02  9.6570246009E-01
 -9.7286153716E-02  9.4474941053E-01
 -9.5974035835E-02  9.5631677340E-01
 -8.6705799671E-02  9.9791458320E-01
 -7.2729820039E-02  1.0616167008E+00
 -5.7854896002E-02  1.1343487343E+00
 -4.4756345692E-02  1.2030939638E+00
 -3.4433438897E-02  1.2652331777E+00
 -2.6650509720E-02  1.3334268613E+00
 -2.0692877606E-02  1.4254524114E+00
 -1.5938776937E-02  1.5488261461E+00
 -1.2089104446E-02  1.6887443787E+00
 -9.1186025350E-03  1.7900022288E+00
  7.1142950936E-03  1.7509937188E+00
  6.1557777952E-03  1.5584535281E+00
  6.2880998861E-03  1.4847441991E+00
  7.5530977786E-03  1.5641543231E+00
 -1.0042779232E-02  1.5659862802E+00
 -1.3966816353E-02  1.4910227250E+00
 -1.9717913499E-02  1.4017354940E+00
 -2.7864969513E-02  1.3179082275E+00
 -3.8952747225E-02  1.2344298147E+00
 -2.4532100382E-02  1.3896932325E+00
 -3.7339743337E-02  1.2459804634E+00
 -5.5140162848E-02  1.1216483434E+00
 -7.7591731222E-02  1.0116885447E+00
 -7.9133557545E-02  1.0179972910E+00
 -6.0432194579E-02  1.0890089837E+00
 -4.5891770015E-02  1.1499442785E+00
 -3.5131637827E-02  1.2116474313E+00
 -2.7048044762E-02  1.2929237712E+00
 -2.0675761548E-02  1.4031772315E+00
 -1.5540811503E-02  1.5296081625E+00
 -1.1584295389E-02  1.6197423573E+00
  8.9082721396E-03  1.5722172152E+00
  7.5939903295E-03  1.3637914507E+00
  7.6727133032E-03  1.2830807500E+00
  9.1859598096E-03  1.3908238284E+00
 -1.2272931743E-02  1.4256789268E+00
 -1.7273875328E-02  1.3765077449E+00
 -2.4825637136E-02  1.3034050325E+00
 -3.5839103701E-02  1.2252694170E+00
 -5.1164799260E-02  1.1395189782E+00
 -2.7894465432E-02  1.3573054790E+00
 -4.3442878700E-02  1.2093725965E+00
 -6.5708579387E-02  1.0740767739E+00
 -9.4530737364E-02  9.5172897025E-01
 -7.5747936567E-02  1.0030554754E+00
 -5.7002223422E-02  1.0652867136E+00
 -4.3295061050E-02  1.1255391825E+00
 -3.3124563026E-02  1.2027981674E+00
 -2.5166525993E-02  1.3073259335E+00
 -1.8767768515E-02  1.4273596996E+00
 -1.3841722388E-02  1.5118432842E+00
  1.0508287935E-02  1.4583635167E+00
  8.8438862035E-03  1.2341933968E+00
  8.8559241595E-03  1.1434247460E+00
  1.0579717314E-02  1.2734723236E+00
 -1.4204353121E-02  1.3329802520E+00
 -2.0214870475E-02  1.3008641944E+00
 -2.9521844998E-02  1.2358767774E+00
 -4.3424292767E-02  1.1571285153E+00
 -6.3127564243E-02  1.0653359608E+00
 -2.9797435009E-02  1.3494994317E+00
 -4.7124268154E-02  1.1957395293E+00
 -7.2396361771E-02  1.0511224046E+00
 -8.6892705041E-02  9.5126299195E-01
 -6.5116244931E-02  1.0143695420E+00
 -4.9282586026E-02  1.0743695198E+00
 -3.7600000085E-02  1.1501931266E+00
 -2.8477037522E-02  1.2524780934E+00
 -2.1133211287E-02  1.3700893938E+00
 -1.5473674935E-02  1.4528298676E+00
 -1.1640272154E-02  1.3970788259E+00
  9.7059098158E-03  1.1619734104E+00
  9.6555400002E-03  1.0612949424E+00
  1.1515908987E-02  1.2055219338E+00
 -1.5513173145E-02  1.2805302144E+00
 -2.2245942797E-02  1.2580143819E+00
 -3.2842733711E-02  1.1963266428E+00
 -4.8915468427E-02  1.1153180666E+00
 -7.1961274976E-02  1.0183919886E+00
 -2.9905337452E-02  1.3619075204E+00
 -4.7581921129E-02  1.2036369802E+00
 -7.3530656343E-02  1.0535936745E+00
 -9.0430245160E-02  9.3768914441E-01
 -6.7808872391E-02  1.0001081594E+00
 -5.1362691943E-02  1.0589897472E+00
 -3.9221836555E-02  1.1333980182E+00
 -2.9717470891E-02  1.2342685902E+00
 -2.2038879977E-02  1.3510084390E+00
 -1.6102927574E-02  1.4341690858E+00
 -1.2071167809E-02  1.3797648661E+00
  1.0021953337E-02  1.1418615786E+00
  9.9340679369E-03  1.0350124159E+00
  1.1830112671E-02  1.1834223176E+00
 -1.5947201922E-02  1.2641514502E+00
 -2.2922026192E-02  1.2448745519E+00
 -3.3958752542E-02  1.1840649454E+00
 -5.0779569756E-02  1.1021202976E+00
 -7.4985567824E-02  1.0034491765E+00
 -2.8384083903E-02  1.3880129410E+00
 -4.4994120621E-02  1.2277149201E+00
 -6.9235236276E-02  1.0772285270E+00
 -8.5224563396E-02  9.6322631831E-01
 -6.4211504682E-02  1.0233290669E+00
 -4.8869454046E-02  1.0797900685E+00
 -3.7479386645E-02  1.1521872316E+00
 -2.8509247283E-02  1.2518179663E+00
 -2.1223408618E-02  1.3685877284E+00
 -1.5563044818E-02  1.4537150224E+00
 -1.1699552387E-02  1.4038858597E+00
  9.7266277448E-03  1.1720275789E+00
  9.6390584201E-03  1.0645349009E+00
  1.1463251632E-02  1.2064263234E+00
 -1.5416970843E-02  1.2826885900E+00
 -2.2083061224E-02  1.2606056153E+00
 -3.2565710882E-02  1.1990280961E+00
 -4.8444569275E-02  1.1183765531E+00
 -7.1186353194E-02  1.0220148757E+00
 -2.5816199040E-02  1.4191702523E+00
 -4.0409218758E-02  1.2582770914E+00
 -6.1314812428E-02  1.1120832643E+00
 -8.8351055982E-02  9.8177791093E-01
 -9.5885560956E-02  9.5421002943E-01
 -7.3167196377E-02  1.0246439681E+00
 -5.5568503706E-02  1.0816207063E+00
 -4.2629741334E-02  1.1355340707E+00
 -3.2930399355E-02  1.2067622454E+00
 -2.5222490473E-02  1.3068762153E+00
 -1.8918184931E-02  1.4260417881E+00
 -1.3988678092E-02  1.5157048966E+00
  1.0603102883E-02  1.4735040359E+00
  8.8725692227E-03  1.2544943985E+00
  8.8206299788E-03  1.1507442090E+00
  1.0481739734E-02  1.2763753048E+00
 -1.4030970128E-02  1.3379203162E+00
 -1.9927682337E-02  1.3063391992E+00
 -2.9043559474E-02  1.2412876062E+00
 -4.2626808991E-02  1.1629729390E+00
 -6.1835759754E-02  1.0720999418E+00
 -2.2892576247E-02  1.4488006770E+00
 -3.5149218348E-02  1.2853617435E+00
 -5.2168876287E-02  1.1455407301E+00
 -7.3539440339E-02  1.0256002469E+00
 -9.6611427341E-02  9.3080156554E-01
 -9.5483261441E-02  9.6685434600E-01
 -7.5481906604E-02  1.0442214244E+00
 -5.8028497795E-02  1.1135983039E+00
 -4.4491481850E-02  1.1690984396E+00
 -3.4463109827E-02  1.2236672526E+00
 -2.6856156916E-02  1.2982701763E+00
 -2.0744972089E-02  1.4041874766E+00
 -1.5707495674E-02  1.5311850589E+00
 -1.1742245655E-02  1.6298769951E+00
  9.0044260691E-03  1.5979173578E+00
  7.6132028387E-03  1.3945394338E+00
  7.6170385451E-03  1.2958598723E+00
  9.0558465702E-03  1.3976030447E+00
 -1.2053198128E-02  1.4345741961E+00
 -1.6921921911E-02  1.3855111233E+00
 -2.4258584510E-02  1.3116816825E+00
 -3.4922683288E-02  1.2335136532E+00
 -4.9718332823E-02  1.1485523588E+00
 -2.0103492633E-02  1.4783500302E+00
 -3.0191055641E-02  1.3066599559E+00
 -4.3631377924E-02  1.1704391265E+00
 -5.9820426152E-02  1.0613039436E+00
 -7.6562814750E-02  9.7961657011E-01
 -9.0200942208E-02  9.2959392507E-01
 -9.6956967812E-02  9.1490398460E-01
 -9.4902012996E-02  9.3608840742E-01
 -8.5093688765E-02  9.8911288123E-01
 -7.0912312841E-02  1.0640232641E+00
 -5.6164114295E-02  1.1451170428E+00
 -4.3428154269E-02  1.2171288497E+00
 -3.3565826348E-02  1.2775441823E+00
 -2.6215656164E-02  1.3415897578E+00
 -2.0583251906E-02  1.4297158881E+00
 -1.6019064085E-02  1.5516421779E+00
 -1.2237246824E-02  1.6955070400E+00
 -9.2495767853E-03  1.8093558979E+00
  7.1848466723E-03  1.7889695343E+00
  6.1537118109E-03  1.5995616509E+00
  6.2147389675E-03  1.5044615252E+00
  7.4072442208E-03  1.5770167304E+00
 -9.8092983990E-03  1.5804268917E+00
 -1.3607739540E-02  1.5046242897E+00
 -1.9163131706E-02  1.4134213638E+00
 -2.7004542254E-02  1.3284078570E+00
 -3.7641639450E-02  1.2448358227E+00
 -1.7614392878E-02  1.5178238734E+00
 -2.5906637450E-02  1.3317568670E+00
 -3.6464877082E-02  1.1930648758E+00
 -4.8568876254E-02  1.0899883682E+00
 -6.0400411999E-02  1.0187316874E+00
 -6.9301758833E-02  9.8038619312E-01
 -7.2831687369E-02  9.7693234856E-01
 -7.0054837358E-02  1.0081791332E+00
 -6.2078512540E-02  1.0698225323E+00
 -5.1406351398E-02  1.1521134826E+00
 -4.0642243320E-02  1.2406425349E+00
  3.1465384819E-02  1.3230634405E+00
  2.4380071335E-02  1.4002705910E+00
  1.9086113789E-02  1.4884942901E+00
 -1.5017534872E-02  1.6058470046E+00
 -1.1723678151E-02  1.7586216811E+00
 -9.0056476998E-03  1.9314708891E+00
  4.6954996913E-03  1.8782374866E+00
  4.7999973067E-03  1.7842581834E+00
  5.7501476872E-03  1.8243642572E+00
 -7.5929594673E-03  1.7864787531E+00
 -1.0431325924E-02  1.6740499755E+00
 -1.4467070915E-02  1.5541243979E+00
 -2.0006912325E-02  1.4503657320E+00
 -2.7364940203E-02  1.3575566464E+00
 -1.5342426022E-02  1.5792848101E+00
 -2.2185471845E-02  1.3759594468E+00
 -3.0544928190E-02  1.2299891446E+00
 -3.9668963630E-02  1.1270189830E+00
 -4.8043756457E-02  1.0601279063E+00
 -5.3720487167E-02  1.0279448286E+00
 -5.5162010968E-02  1.0309898972E+00
 -5.2066005364E-02  1.0685096453E+00
 -4.5511098659E-02  1.1365713967E+00
 -3.7352068046E-02  1.2269811514E+00
  2.9354686456E-02  1.3281615268E+00
  2.2603659247E-02  1.4312135268E+00
  1.7399127981E-02  1.5394023427E+00
  1.3516176252E-02  1.6684538083E+00
  1.0557855626E-02  1.8328668937E+00
 -7.6656444000E-03  1.9085002171E+00
 -1.0529748181E-02  1.7472799448E+00
 -1.4385797574E-02  1.6099199440E+00
 -1.9436825940E-02  1.4927113090E+00
 -1.3128929560E-02  1.6719880923E+00
 -1.8737279283E-02  1.4513282371E+00
 -2.5367320352E-02  1.2961034370E+00
 -3.2312059422E-02  1.1896055829E+00
 -3.8326719771E-02  1.1223357190E+00
 -4.1965514092E-02  1.0909756620E+00
 -4.2260334322E-02  1.0951485243E+00
 -3.9242697589E-02  1.1344412830E+00
 -3.3879992405E-02  1.2066502589E+00
 -2.7546915365E-02  1.3066498900E+00
  2.1455810161E-02  1.4265819327E+00
  1.6329785262E-02  1.5603005491E+00
  1.2370554622E-02  1.7114150028E+00
  9.4289185364E-03  1.8940848329E+00
 -1.0118787041E-02  1.8262998148E+00
 -1.3630996730E-02  1.6686654810E+00
 -1.0447382138E-02  1.8020939474E+00
 -1.3582475126E-02  1.6423651511E+00
 -1.6799155939E-02  1.5382993713E+00
 -1.9668249101E-02  1.4762394543E+00
 -2.1676610366E-02  1.4481373216E+00
 -2.2395241559E-02  1.4498864546E+00
 -2.1672312413E-02  1.4791513702E+00
 -1.9721301821E-02  1.5334389359E+00
 -1.7028452149E-02  1.6092818346E+00
 -1.4137819188E-02  1.7034868869E+00
 -1.1454904685E-02  1.8165475714E+00
 -9.1693154430E-03  1.9553195404E+00
 -9.4720336923E-03  1.8934723493E+00
 -1.3119044803E-02  1.7045481235E+00
 -1.1193274847E-02  1.7571772426E+00
 -1.5568134829E-02  1.5697675417E+00
 -2.0761126391E-02  1.4424891874E+00
 -2.6391170874E-02  1.3567752849E+00
 -3.1700739282E-02  1.3021690006E+00
 -3.5654595849E-02  1.2747467753E+00
 -3.7298627221E-02  1.2740788316E+00
 -3.6224146075E-02  1.2999718017E+00
 -3.2807928483E-02  1.3499374361E+00
 -2.8022075996E-02  1.4181020239E+00
 -2.2952995588E-02  1.4968346264E+00
 -1.8373953287E-02  1.5820378999E+00
 -1.4598807142E-02  1.6788224676E+00
 -1.1592160448E-02  1.7999272700E+00
 -9.1749843560E-03  1.9559966772E+00
 -7.1627803197E-03  1.9765117098E+00
 -9.9339655090E-03  1.8062566212E+00
 -1.3803381330E-02  1.6522637505E+00
 -1.9096030650E-02  1.5115004083E+00
 -1.5725109834E-02  1.5670680498E+00
 -2.2510148313E-02  1.4108684934E+00
 -3.1052791058E-02  1.2982546087E+00
 -4.0871335426E-02  1.2138417480E+00
 -5.0649554254E-02  1.1525331623E+00
 -5.8346695703E-02  1.1157842544E+00
 -6.1930755977E-02  1.1069185679E+00
 -6.0420546342E-02  1.1275080953E+00
 -5.4465478708E-02  1.1750729339E+00
 -4.5963283581E-02  1.2419031493E+00
 -3.7036494228E-02  1.3163198347E+00
 -2.9149289416E-02  1.3887405059E+00
 -2.2839172225E-02  1.4604331438E+00
 -1.7969174559E-02  1.5448957877E+00
 -1.4145769072E-02  1.6572212759E+00
 -1.1034433736E-02  1.8016390888E+00
 -8.4853214996E-03  1.9605870808E+00
  4.5400239315E-03  1.8777873966E+00
  4.6708444947E-03  1.8035530156E+00
  5.5959874831E-03  1.8477388949E+00
  7.3763525146E-03  1.8143537398E+00
 -1.0146749821E-02  1.7076438343E+00
 -1.4173521200E-02  1.5882559659E+00
 -1.9878229721E-02  1.4762412996E+00
 -2.7750234780E-02  1.3660870421E+00
 -2.1245743940E-02  1.4390279648E+00
 -3.1492336759E-02  1.2967557246E+00
 -4.5167144626E-02  1.1821285272E+00
 -6.1745972926E-02  1.0856709561E+00
 -7.9042227309E-02  1.0091625193E+00
 -9.3275287604E-02  9.5889744969E-01
 -9.8482877013E-02  9.5484892296E-01
 -8.8439168142E-02  1.0001212301E+00
 -7.3818032131E-02  1.0677958416E+00
 -5.8529096243E-02  1.1442575797E+00
 -4.5218561069E-02  1.2155825909E+00
 -3.4810370682E-02  1.2781825862E+00
 -2.7000985816E-02  1.3441631969E+00
 -2.1029548197E-02  1.4312721241E+00
 -1.6250175266E-02  1.5474667303E+00
 -1.2359194377E-02  1.6791248611E+00
 -9.3385940176E-03  1.7740159189E+00
  7.2833455065E-03  1.7358599973E+00
  6.2748321856E-03  1.5494815840E+00
  6.3542529178E-03  1.4730527596E+00
  7.5595442491E-03  1.5563460254E+00
 -9.9884147794E-03  1.5730785136E+00
 -1.3881294348E-02  1.5114251694E+00
 -1.9708354838E-02  1.4276514368E+00
 -2.8184970674E-02  1.3391812196E+00
 -4.0078807333E-02  1.2414298375E+00
 -2.7465516329E-02  1.3525403845E+00
 -4.2239844306E-02  1.2096377488E+00
 -6.2984914726E-02  1.0818853049E+00
 -8.9261667572E-02  9.6778100690E-01
 -8.8549806647E-02  9.8407006849E-01
 -6.7306670760E-02  1.0591903930E+00
 -5.0943709700E-02  1.1229440374E+00
 -3.8928826760E-02  1.1846136261E+00
 -2.9948717599E-02  1.2625074733E+00
 -2.2872550466E-02  1.3662060187E+00
 -1.7154333876E-02  1.4837948886E+00
 -1.2735255292E-02  1.5654070807E+00
  9.7316928596E-03  1.5142602157E+00
  8.2186228300E-03  1.3045627527E+00
  8.2058950634E-03  1.2178322296E+00
  9.7217837554E-03  1.3378172909E+00
 -1.2925918704E-02  1.3976828299E+00
 -1.8242687722E-02  1.3695240551E+00
 -2.6491246205E-02  1.3061757908E+00
 -3.8879745987E-02  1.2245577881E+00
 -5.6621601955E-02  1.1247124459E+00
 -3.3687263009E-02  1.2955622856E+00
 -5.3599313321E-02  1.1430456235E+00
 -8.2695075372E-02  9.9838386443E-01
 -9.4080106057E-02  9.2640159443E-01
 -7.0315903190E-02  9.9452289514E-01
 -5.3117445826E-02  1.0590966164E+00
 -4.0458911768E-02  1.1376827902E+00
 -3.0569158426E-02  1.2399522167E+00
 -2.2597164494E-02  1.3543305980E+00
 -1.6457624071E-02  1.4312606100E+00
 -1.2303997719E-02  1.3701929603E+00
  1.0183964708E-02  1.1321393812E+00
  1.0038893038E-02  1.0264981343E+00
  1.1867731623E-02  1.1794872906E+00
 -1.5911308180E-02  1.2744662500E+00
 -2.2851840538E-02  1.2687602665E+00
 -3.4000804485E-02  1.2136499222E+00
 -5.1262820291E-02  1.1279996152E+00
 -7.6475844167E-02  1.0188794456E+00
 -3.8847473658E-02  1.2630659454E+00
 -6.3501351652E-02  1.0980067486E+00
 -8.9871928262E-02  8.9726614774E-01
 -6.7476648632E-02  9.6585690380E-01
 -5.1113998634E-02  1.0483550277E+00
 -3.8334227135E-02  1.1540070997E+00
 -2.7993733031E-02  1.2713524351E+00
 -2.0031983450E-02  1.3504563702E+00
 -1.4670422827E-02  1.2853801436E+00
  1.1917196447E-02  1.0214020590E+00
  1.1615039392E-02  8.9173561211E-01
  1.3713211993E-02  1.0719681643E+00
 -1.8533867996E-02  1.1932467049E+00
 -2.7041779647E-02  1.2009308907E+00
 -4.1096844312E-02  1.1468078783E+00
 -6.3387752224E-02  1.0532330990E+00
 -9.6466733923E-02  9.3442264264E-01
 -4.1859779991E-02  1.2533123101E+00
 -6.9621860424E-02  1.0773196987E+00
  7.8480241977E-02  9.0762448254E-01
 -5.9370476026E-02  9.9277938380E-01
 -4.4376538184E-02  1.1014205085E+00
 -3.2161857862E-02  1.2225626128E+00
 -2.2734892497E-02  1.3062915719E+00
 -1.6400454499E-02  1.2423764019E+00
  1.3135057350E-02  9.6197296749E-01
  1.2689563840E-02  8.1062296770E-01
 -1.4961650905E-02  1.0090620722E+00
 -2.0330576815E-02  1.1471519445E+00
 -2.9981544714E-02  1.1617760222E+00
 -4.6210572977E-02  1.1062426785E+00
 -7.2337464672E-02  1.0061998197E+00
 -4.2140598693E-02  1.2635247846E+00
 -7.0538700590E-02  1.0808368904E+00
  8.2507505267E-02  8.8866069318E-01
 -6.2503288970E-02  9.7349858705E-01
 -4.6733783646E-02  1.0820676711E+00
 -3.3818130256E-02  1.2040670694E+00
 -2.3816401577E-02  1.2903480678E+00
 -1.7084574228E-02  1.2297109764E+00
  1.3597267284E-02  9.4601831245E-01
  1.3072529327E-02  7.8363204038E-01
 -1.5385539072E-02  9.8765622523E-01
 -2.0930965709E-02  1.1323836791E+00
 -3.0968010038E-02  1.1495485362E+00
 -4.7944484686E-02  1.0934467654E+00
 -7.5403008935E-02  9.9124562089E-01
 -3.9942371577E-02  1.2868439963E+00
 -6.6545190116E-02  1.1028511331E+00
 -7.8055998439E-02  9.1072890622E-01
 -5.9320224046E-02  9.9216005362E-01
 -4.4517052521E-02  1.0971809280E+00
 -3.2369136217E-02  1.2161801339E+00
 -2.2926831383E-02  1.3014166263E+00
 -1.6533694327E-02  1.2444876604E+00
  1.3198290562E-02  9.7080172848E-01
  1.2688399927E-02  8.1192301169E-01
 -1.4901476942E-02  1.0073605128E+00
 -2.0201700117E-02  1.1479560448E+00
 -2.9744573613E-02  1.1638574944E+00
 -4.5778680678E-02  1.1090236947E+00
 -7.1559745817E-02  1.0097438776E+00
 -3.6199510325E-02  1.3125709334E+00
 -5.9413365256E-02  1.1321239598E+00
 -9.4171546860E-02  9.6081477810E-01
 -8.8247845187E-02  9.0792552022E-01
 -6.6845153778E-02  9.7098852635E-01
 -5.1069827723E-02  1.0468456592E+00
 -3.8593367397E-02  1.1463285024E+00
 -2.8353385919E-02  1.2606396311E+00
 -2.0356997607E-02  1.3437889864E+00
 -1.4891081235E-02  1.2923939058E+00
  1.2016782351E-02  1.0396453343E+00
  1.1603934101E-02  8.9553343244E-01
  1.3600600251E-02  1.0701086293E+00
 -1.8303690292E-02  1.1955548640E+00
 -2.6629661082E-02  1.2052699958E+00
 -4.0362713141E-02  1.1521751328E+00
 -6.2090792880E-02  1.0598747187E+00
 -9.4272511077E-02  9.4232458437E-01
 -3.1999153319E-02  1.3314819417E+00
 -5.1324938744E-02  1.1562460477E+00
 -7.9415941298E-02  9.9595931815E-01
 -9.1493308871E-02  9.3948479446E-01
 -6.8933542700E-02  1.0048698882E+00
 -5.2595239192E-02  1.0633771283E+00
 -4.0493904772E-02  1.1345367654E+00
 -3.0901212871E-02  1.2304299936E+00
 -2.3017867494E-02  1.3431392004E+00
 -1.6823676083E-02  1.4280433189E+00
 -1.2543078707E-02  1.3863183899E+00
  1.0280996352E-02  1.1605113248E+00
  1.0006857300E-02  1.0347146656E+00
  1.1716803559E-02  1.1800417974E+00
 -1.5623459081E-02  1.2795987459E+00
 -2.2357512183E-02  1.2758147034E+00
 -3.3152135516E-02  1.2213738444E+00
 -4.9809928246E-02  1.1369334612E+00
 -7.4076473253E-02  1.0293612063E+00
 -2.8081629371E-02  1.3438082652E+00
 -4.3844741825E-02  1.1706289868E+00
 -6.5875279042E-02  1.0220550117E+00
 -9.3417171518E-02  8.9674747056E-01
 -8.7861144796E-02  9.7375865905E-01
 -6.6564934080E-02  1.0567614784E+00
 -5.0448891170E-02  1.1224806281E+00
 -3.8791568039E-02  1.1817103913E+00
 -3.0123002804E-02  1.2554519760E+00
 -2.3228736999E-02  1.3562347407E+00
 -1.7548791746E-02  1.4763045363E+00
 -1.3058852267E-02  1.5709048798E+00
  9.9296514656E-03  1.5430170766E+00
  8.2822488489E-03  1.3433303687E+00
  8.1479913111E-03  1.2324164385E+00
  9.5506329472E-03  1.3436401790E+00
 -1.2624713430E-02  1.4074114480E+00
 -1.7751721366E-02  1.3801836111E+00
 -2.5688185478E-02  1.3163191670E+00
 -3.7562564843E-02  1.2349597957E+00
 -5.4516780724E-02  1.1362131979E+00
 -2.4663391780E-02  1.3610910232E+00
 -3.7533578635E-02  1.1847374558E+00
 -5.4766007983E-02  1.0437415960E+00
  7.5368332202E-02  9.3069415004E-01
  9.6053974505E-02  8.4774528886E-01
 -9.8285467689E-02  8.9380796913E-01
 -7.9865249633E-02  9.8501450389E-01
 -6.1752929676E-02  1.0842252367E+00
  4.6724036362E-02  1.1741449018E+00
  3.5487036680E-02  1.2490334226E+00
  2.7394764102E-02  1.3222356372E+00
 -2.1381463920E-02  1.4142095454E+00
 -1.6606906334E-02  1.5356384952E+00
 -1.2681898561E-02  1.6769768764E+00
 -9.5776977226E-03  1.7908040392E+00
  7.4129776147E-03  1.7783191518E+00
  6.2948728283E-03  1.5979792194E+00
  6.2756032939E-03  1.4953670679E+00
  7.3870622502E-03  1.5699581296E+00
 -9.7078830974E-03  1.5894015654E+00
 -1.3448857136E-02  1.5271080983E+00
 -1.9038958354E-02  1.4409765544E+00
 -2.7142164202E-02  1.3508985338E+00
 -3.8479353058E-02  1.2527803395E+00
 -2.1572940412E-02  1.3983060515E+00
 -3.2159217399E-02  1.2157879627E+00
 -4.5801802020E-02  1.0778968654E+00
 -6.1405979623E-02  9.7240376444E-01
  7.6137106496E-02  8.9807757082E-01
  8.6074123953E-02  8.5949025947E-01
  8.8208963320E-02  8.6035872825E-01
  8.2230337663E-02  9.0004912590E-01
 -7.0499793043E-02  9.7342046168E-01
 -5.6522906934E-02  1.0709920898E+00
  4.3320347009E-02  1.1787739676E+00
  3.2570412944E-02  1.2827639571E+00
  2.4598447510E-02  1.3805423361E+00
  1.8887718529E-02  1.4863501983E+00
  1.4683282495E-02  1.6176810363E+00
 -1.1396199146E-02  1.7802902923E+00
 -8.7383688083E-03  1.9596466866E+00
  4.5258493708E-03  1.9338611979E+00
  4.5840812434E-03  1.8339437792E+00
  5.4384262392E-03  1.8710081044E+00
  7.1365915233E-03  1.8392876541E+00
 -9.7956648866E-03  1.7302543265E+00
 -1.3658834418E-02  1.6064658171E+00
 -1.9118957210E-02  1.4905123686E+00
 -2.6637871794E-02  1.3777898875E+00
 -1.8526238471E-02  1.4662815570E+00
 -2.7182659032E-02  1.2767549321E+00
 -3.8011562396E-02  1.1393910506E+00
 -4.9947344162E-02  1.0378737533E+00
 -6.0578285028E-02  9.6801206569E-01
 -6.6868802654E-02  9.3288585814E-01
 -6.6890897967E-02  9.3551284541E-01
 -6.1014718928E-02  9.7534016284E-01
 -5.1426402657E-02  1.0487622021E+00
  4.0732094140E-02  1.1496618087E+00
  3.0914480389E-02  1.2686457887E+00
  2.2986605093E-02  1.3957429209E+00
  1.7105368262E-02  1.5300887477E+00
  1.2905566344E-02  1.6849530634E+00
  9.8667176854E-03  1.8745573968E+00
 -9.5567893450E-03  1.8318038796E+00
 -1.3273217658E-02  1.6717411182E+00
 -1.8352284820E-02  1.5261878311E+00
 -9.3530021809E-03  1.8849150121E+00
 -1.2840827945E-02  1.6791865376E+00
 -1.6859775177E-02  1.5409155945E+00
 -2.1076956511E-02  1.4507775883E+00
 -2.4914958020E-02  1.3967129424E+00
 -2.7643308138E-02  1.3728247975E+00
 -2.8631571669E-02  1.3770004592E+00
 -2.7650964502E-02  1.4080499522E+00
 -2.5012099886E-02  1.4632927248E+00
 -2.1418520819E-02  1.5375055516E+00
 -1.7637203892E-02  1.6245066869E+00
 -1.4211794316E-02  1.7219430732E+00
 -1.1365317784E-02  1.8357697774E+00
 -9.0760130673E-03  1.9776978373E+00
  8.3704989129E-03  1.9464799025E+00
  1.1864359112E-02  1.7525295227E+00
 -1.6818528599E-02  1.5724891220E+00
 -1.3791969921E-02  1.6399154002E+00
 -1.9462081883E-02  1.4757853089E+00
 -2.6406963588E-02  1.3613988972E+00
 -3.4163774380E-02  1.2800134411E+00
 -4.1660050139E-02  1.2244594504E+00
 -4.7340961757E-02  1.1943107027E+00
 -4.9738276135E-02  1.1917216651E+00
 -4.8221595506E-02  1.2177442919E+00
 -4.3374363669E-02  1.2697421205E+00
 -3.6668630503E-02  1.3401378302E+00
 -2.9700829984E-02  1.4179423720E+00
 -2.3553865840E-02  1.4949786544E+00
 -1.8614555305E-02  1.5738484793E+00
 -1.4769040292E-02  1.6679349274E+00
 -1.1716896850E-02  1.7908010285E+00
 -9.2079699360E-03  1.9451034703E+00
  4.0259175488E-03  1.9706341014E+00
  4.8144010186E-03  1.9991041771E+00
  6.3358595583E-03  1.9508448621E+00
 -8.7302374263E-03  1.8267348147E+00
 -1.2277309507E-02  1.6847492335E+00
 -1.7434585773E-02  1.5454642549E+00
 -2.4783432470E-02  1.4061689909E+00
 -1.9669935429E-02  1.4742457315E+00
 -2.8799738025E-02  1.3315088564E+00
 -4.0737967706E-02  1.2201755673E+00
 -5.4908792639E-02  1.1292240438E+00
 -6.9356303047E-02  1.0588336906E+00
 -8.0886590701E-02  1.0143610348E+00
 -8.6280278266E-02  1.0009021226E+00
 -8.4017572358E-02  1.0203047235E+00
 -7.5182183241E-02  1.0697320329E+00
 -6.2751478239E-02  1.1405851946E+00
 -4.9927895947E-02  1.2189878253E+00
 -3.8821472523E-02  1.2914574323E+00
 -3.0129993631E-02  1.3553933865E+00
 -2.3568994464E-02  1.4232779976E+00
 -1.8502423712E-02  1.5122524337E+00
 -1.4403950954E-02  1.6297065201E+00
 -1.1036815037E-02  1.7620730180E+00
 -8.4031003215E-03  1.8582081362E+00
  6.5987015604E-03  1.8254616200E+00
  5.7060910503E-03  1.6502394988E+00
  5.7701847487E-03  1.5729592858E+00
  6.8302101807E-03  1.6451971590E+00
  8.9796265031E-03  1.6560806471E+00
 -1.2450974451E-02  1.5884720647E+00
 -1.7712791650E-02  1.4943447504E+00
 -2.5512242830E-02  1.3901156167E+00
 -3.6740925021E-02  1.2722625324E+00
 -2.7076486630E-02  1.3592928489E+00
 -4.1376209835E-02  1.2184845650E+00
 -6.1236134142E-02  1.0937208901E+00
 -8.6059641874E-02  9.8306481839E-01
 -8.2008597618E-02  1.0227238698E+00
 -6.2587523183E-02  1.0990369091E+00
 -4.7642293189E-02  1.1633138530E+00
 -3.6627618772E-02  1.2248754979E+00
 -2.8336333530E-02  1.3016141788E+00
 -2.1748638865E-02  1.4028536075E+00
 -1.6386546498E-02  1.5170053563E+00
 -1.2218553388E-02  1.5957522012E+00
  9.3686873375E-03  1.5466864693E+00
  7.9150881241E-03  1.3464001978E+00
  7.8692341155E-03  1.2598964660E+00
  9.2572498180E-03  1.3748940189E+00
 -1.2232896727E-02  1.4385625907E+00
 -1.7216769822E-02  1.4145001552E+00
 -2.5041627305E-02  1.3497413625E+00
 -3.6979843993E-02  1.2595537767E+00
 -5.4419794544E-02  1.1450917916E+00
 -3.5697993849E-02  1.2761028373E+00
 -5.6952761122E-02  1.1233114341E+00
 -8.7964960185E-02  9.7786261956E-01
 -9.6438782823E-02  9.2322277802E-01
 -7.2315716788E-02  9.9357652841E-01
 -5.4813595374E-02  1.0604293540E+00
 -4.1860372870E-02  1.1403271317E+00
 -3.1661329267E-02  1.2422047256E+00
 -2.3383188394E-02  1.3543198778E+00
 -1.6985843583E-02  1.4277866760E+00
 -1.2649910741E-02  1.3646071809E+00
  1.0412670207E-02  1.1268531983E+00
  1.0186372297E-02  1.0163556325E+00
  1.1949202323E-02  1.1725802110E+00
 -1.5949760121E-02  1.2813560561E+00
 -2.2927093927E-02  1.2868855837E+00
 -3.4325278289E-02  1.2338986101E+00
 -5.2277503209E-02  1.1407292300E+00
 -7.8927887393E-02  1.0180532128E+00
 -4.4561704675E-02  1.2161355145E+00
 -7.3837734162E-02  1.0454442806E+00
  7.7733798265E-02  9.2348913617E-01
 -5.8968512929E-02  1.0121348724E+00
 -4.4113084131E-02  1.1232722071E+00
 -3.1942350597E-02  1.2450476239E+00
 -2.2540956648E-02  1.3265875326E+00
 -1.6236200510E-02  1.2589617048E+00
  1.2982299235E-02  9.8030574094E-01
  1.2494417675E-02  8.3057436229E-01
 -1.4642242753E-02  1.0258900285E+00
 -1.9788594289E-02  1.1712465980E+00
 -2.9112037073E-02  1.1938591937E+00
 -4.4912122318E-02  1.1401547625E+00
 -7.0524802626E-02  1.0352729717E+00
 -5.2067444425E-02  1.1782747380E+00
 -8.8786471882E-02  9.9039856798E-01
 -7.7598795492E-02  9.1032030496E-01
 -5.7721800310E-02  1.0307450477E+00
 -4.1133900599E-02  1.1659965545E+00
 -2.8260685161E-02  1.2641787328E+00
 -1.9703872338E-02  1.2039501402E+00
 -1.5306346151E-02  8.9297674288E-01
  1.4497591614E-02  6.9541122616E-01
 -1.6977107334E-02  9.2557885642E-01
 -2.3209636815E-02  1.0985609402E+00
 -3.4851202139E-02  1.1293307087E+00
 -5.5152402381E-02  1.0693829040E+00
 -8.8800571034E-02  9.5203047622E-01
 -5.6533812692E-02  1.1635607325E+00
 -9.8106053059E-02  9.6274000553E-01
 -9.2900250877E-02  8.4080671283E-01
 -6.9007902731E-02  9.6614893333E-01
 -4.8702134043E-02  1.1112692555E+00
 -3.2847053851E-02  1.2249989562E+00
 -2.2359414725E-02  1.1773841036E+00
 -1.6985577196E-02  8.4979631241E-01
 -1.5879733475E-02  6.1033534799E-01
 -1.8568819655E-02  8.6585872696E-01
 -2.5578905193E-02  1.0569973082E+00
 -3.8936602663E-02  1.0911423335E+00
 -6.2649289647E-02  1.0253749603E+00
 -5.7051770115E-02  1.1702938233E+00
 -9.9577580539E-02  9.6205248154E-01
 -9.8931545985E-02  8.1507050329E-01
 -7.3554928730E-02  9.4049508121E-01
 -5.1796330221E-02  1.0879058904E+00
 -3.4735535136E-02  1.2075154864E+00
 -2.3444250022E-02  1.1677523368E+00
 -1.7644798333E-02  8.3895014886E-01
 -1.6384250822E-02  5.8040026988E-01
 -1.9115539088E-02  8.4435195370E-01
 -2.6376274377E-02  1.0432567623E+00
 -4.0317242465E-02  1.0790004197E+00
 -6.5209846594E-02  1.0113725466E+00
 -5.4005893782E-02  1.1912149844E+00
 -9.3732911887E-02  9.8180153838E-01
 -9.2937795223E-02  8.3834334188E-01
 -6.9259634482E-02  9.5945821692E-01
 -4.9040710267E-02  1.1009759206E+00
 -3.3167047774E-02  1.2142851161E+00
 -2.2592321891E-02  1.1734446331E+00
 -1.7110042728E-02  8.5650985550E-01
 -1.5904442738E-02  6.0954289595E-01
 -1.8504380232E-02  8.6124608616E-01
 -2.5412186674E-02  1.0565689678E+00
 -3.8604997263E-02  1.0929802445E+00
 -6.2009129672E-02  1.0284607224E+00
 -4.8798855726E-02  1.2142246602E+00
 -8.3352348449E-02  1.0102621865E+00
 -7.7782681895E-02  9.0434872860E-01
 -5.8230157449E-02  1.0172082883E+00
 -4.1752414952E-02  1.1467231364E+00
 -2.8818583936E-02  1.2460878252E+00
 -2.0098054108E-02  1.2002690588E+00
 -1.5509832778E-02  9.0781101443E-01
  1.4528994069E-02  6.9545209414E-01
 -1.6855702153E-02  9.1847705820E-01
 -2.2914693250E-02  1.0984604445E+00
 -3.4281603712E-02  1.1330471480E+00
 -5.4077969085E-02  1.0752023636E+00
 -8.6818833955E-02  9.5961264173E-01
 -4.3020006897E-02  1.2283337201E+00
 -7.1719772719E-02  1.0345390091E+00
  7.7625528788E-02  9.2012659381E-01
 -5.9384167092E-02  1.0010304096E+00
 -4.4812976846E-02  1.1037433309E+00
 -3.2706296567E-02  1.2207108842E+00
 -2.3192892594E-02  1.3079501939E+00
 -1.6678207698E-02  1.2623696287E+00
  1.3196569620E-02  1.0050411044E+00
  1.2507506300E-02  8.3404555178E-01
 -1.4477698559E-02  1.0197807748E+00
 -1.9424940247E-02  1.1729271819E+00
 -2.8442181906E-02  1.1996809143E+00
 -4.3695764621E-02  1.1481338428E+00
 -6.8347692212E-02  1.0453793737E+00
 -3.7719078736E-02  1.2328345103E+00
 -6.1124247819E-02  1.0491251152E+00
 -9.5099535531E-02  8.8377554977E-01
 -9.7214126228E-02  9.0409704296E-01
  7.2744084105E-02  9.7981220817E-01
  5.5292604388E-02  1.0460603717E+00
 -4.2514207983E-02  1.1216325006E+00
 -3.2429981849E-02  1.2187755156E+00
 -2.4130122378E-02  1.3310288807E+00
 -1.7584766422E-02  1.4168490423E+00
 -1.3034403850E-02  1.3813989862E+00
  1.0579257324E-02  1.1624858050E+00
  1.0163909811E-02  1.0258799474E+00
  1.1759861990E-02  1.1711911106E+00
 -1.5575467326E-02  1.2867925699E+00
 -2.2278536311E-02  1.2954594246E+00
 -3.3206631934E-02  1.2435911198E+00
 -5.0356506135E-02  1.1519921739E+00
 -7.5753364697E-02  1.0310405337E+00
 -3.3178143680E-02  1.2402857053E+00
 -5.2361512514E-02  1.0632235240E+00
  7.9315390922E-02  9.1040430987E-01
 -8.9461004974E-02  9.3459916921E-01
  6.6471648060E-02  1.0340825927E+00
  4.9628024321E-02  1.1151323388E+00
  3.7785664781E-02  1.1869929055E+00
 -2.9198662715E-02  1.2697828334E+00
 -2.2490736372E-02  1.3759738887E+00
 -1.7009295091E-02  1.4991863242E+00
 -1.2677336963E-02  1.5978752594E+00
  9.6396862595E-03  1.5795674239E+00
  8.0082739897E-03  1.3924985868E+00
  7.8105565110E-03  1.2772319137E+00
  9.0633670605E-03  1.3812876795E+00
 -1.1889921871E-02  1.4499617125E+00
 -1.6661562237E-02  1.4270914324E+00
 -2.4140672096E-02  1.3614007087E+00
 -3.5510531982E-02  1.2710293502E+00
 -5.2078885287E-02  1.1573269044E+00
 -2.9110466555E-02  1.2675418343E+00
 -4.5017942589E-02  1.0946462043E+00
 -6.6792508068E-02  9.5113989083E-01
  9.2933736351E-02  8.3001627487E-01
  8.1953120286E-02  9.2595500227E-01
  6.1327857958E-02  1.0415425491E+00
  4.5099088886E-02  1.1511132188E+00
  3.3429864782E-02  1.2478131716E+00
  2.5329984064E-02  1.3429839108E+00
  1.9537361409E-02  1.4551931533E+00
 -1.5091348837E-02  1.5932998809E+00
 -1.1515341508E-02  1.7475080751E+00
 -8.7126913776E-03  1.8723375172E+00
  6.7570908878E-03  1.8723089973E+00
  5.7341930166E-03  1.7045574138E+00
  5.6892002084E-03  1.5984685835E+00
  6.6504186404E-03  1.6613764287E+00
  8.6904952110E-03  1.6755928091E+00
 -1.2012521714E-02  1.6069846339E+00
 -1.7045013835E-02  1.5094267255E+00
 -2.4484252312E-02  1.4024178396E+00
 -3.5171958070E-02  1.2832738646E+00
 -2.5051998131E-02  1.3257014662E+00
 -3.8154549994E-02  1.1557201866E+00
 -5.5756811413E-02  1.0192081176E+00
 -7.6338179367E-02  9.0456976928E-01
 -9.5133196719E-02  8.1936139949E-01
  9.2581100199E-02  8.2911426789E-01
  7.5539425359E-02  9.0989902550E-01
  5.7984478330E-02  1.0152117059E+00
  4.2806314972E-02  1.1358613544E+00
  3.1089261151E-02  1.2610179916E+00
  2.2713571871E-02  1.3866132367E+00
  1.6933195240E-02  1.5239566878E+00
  1.2871780182E-02  1.6885879687E+00
  9.8521930139E-03  1.8828318094E+00
  6.1075455938E-03  1.9803615666E+00
 -8.4017689467E-03  1.8534812844E+00
 -1.1804080561E-02  1.7058526386E+00
 -1.6745078510E-02  1.5612140925E+00
 -2.3776359117E-02  1.4182011743E+00
 -1.0912800945E-02  1.7827023971E+00
 -1.5102282053E-02  1.5977051373E+00
 -2.0026941480E-02  1.4731107417E+00
 -2.5297818247E-02  1.3904404537E+00
 -3.0176080573E-02  1.3394120140E+00
 -3.3685977093E-02  1.3163140611E+00
 -3.4968342490E-02  1.3208835216E+00
 -3.3709734624E-02  1.3529307126E+00
 -3.0334173220E-02  1.4096465388E+00
 -2.5788544591E-02  1.4843670934E+00
 -2.1080966355E-02  1.5682936754E+00
 -1.6897463789E-02  1.6562976392E+00
 -1.3489608840E-02  1.7530631112E+00
 -1.0792527677E-02  1.8711927942E+00
  9.8495494323E-03  1.8364570422E+00
  1.4199824009E-02  1.6537966683E+00
 -2.0559217753E-02  1.4773744807E+00
 -1.6261549350E-02  1.5621558511E+00
 -2.3275049495E-02  1.4119661607E+00
 -3.2097659558E-02  1.3026721886E+00
 -4.2186673179E-02  1.2198992976E+00
 -5.2109873269E-02  1.1598977463E+00
 -5.9708080528E-02  1.1252533434E+00
 -6.2922652667E-02  1.1199162182E+00
 -6.0888158311E-02  1.1455732875E+00
 -5.4449299323E-02  1.1993819557E+00
 -4.5651374599E-02  1.2726994454E+00
 -3.6645577517E-02  1.3522732864E+00
 -2.8834244828E-02  1.4266930456E+00
 -2.2669718491E-02  1.4959749277E+00
 -1.7949020632E-02  1.5733318274E+00
 -1.4240978617E-02  1.6743311693E+00
 -1.1197073155E-02  1.8044765788E+00
 -8.6705068165E-03  1.9487642070E+00
  4.6431842624E-03  1.8668860371E+00
  4.7238168280E-03  1.7874315481E+00
  5.5974064915E-03  1.8355634838E+00
  7.3505696077E-03  1.8198214162E+00
 -1.0188586498E-02  1.7249552059E+00
 -1.4527742594E-02  1.6020062075E+00
 -2.1054344654E-02  1.4690657388E+00
 -3.0666367104E-02  1.3255189034E+00
 -2.3538062774E-02  1.4110770210E+00
 -3.5192922674E-02  1.2726542615E+00
 -5.0890529313E-02  1.1563621025E+00
 -6.9955236595E-02  1.0561465762E+00
 -8.9671667896E-02  9.7682976307E-01
 -9.7437477136E-02  9.7798900779E-01
 -8.0678660156E-02  1.0511380002E+00
 -6.3639624233E-02  1.1331187328E+00
 -4.9069202895E-02  1.2084633143E+00
 -3.7809771398E-02  1.2715028669E+00
 -2.9420346023E-02  1.3330000578E+00
 -2.3009358192E-02  1.4106642872E+00
 -1.7844618475E-02  1.5133931528E+00
 -1.3597295293E-02  1.6296388845E+00
 -1.0267326230E-02  1.7118556496E+00
  7.9728679207E-03  1.6713314728E+00
  6.8007259069E-03  1.4891029618E+00
  6.7840256204E-03  1.4069077609E+00
  7.9593257933E-03  1.5016350283E+00
 -1.0458435169E-02  1.5475618313E+00
 -1.4632534227E-02  1.5088358157E+00
 -2.1193314320E-02  1.4295735261E+00
 -3.1277814086E-02  1.3243272724E+00
 -4.6264318106E-02  1.1940849471E+00
 -3.2972297582E-02  1.3008785813E+00
 -5.1752960747E-02  1.1541024092E+00
 -7.8593685359E-02  1.0167434279E+00
 -8.1546240401E-02  9.9839934609E-01
 -6.1718826681E-02  1.0673627046E+00
 -4.7204621656E-02  1.1321016308E+00
 -3.6337023885E-02  1.2092557519E+00
 -2.7697433665E-02  1.3077387294E+00
 -2.0640332610E-02  1.4161051016E+00
 -1.5154447731E-02  1.4868970989E+00
 -1.1409883509E-02  1.4276517791E+00
  9.4642235456E-03  1.2081174322E+00
  9.2685527067E-03  1.1064510668E+00
  1.0818893178E-02  1.2472645631E+00
 -1.4331858400E-02  1.3478443408E+00
 -2.0446136877E-02  1.3498432077E+00
 -3.0431904180E-02  1.2928969308E+00
 -4.6225082639E-02  1.1931904638E+00
 -6.9932862080E-02  1.0604098584E+00
 -4.4236468319E-02  1.2149500617E+00
 -7.2762937464E-02  1.0482749993E+00
 -9.6722422364E-02  8.8295292765E-01
 -7.3310271577E-02  9.5740989524E-01
 -5.5892520285E-02  1.0458574633E+00
 -4.1970990756E-02  1.1557855814E+00
 -3.0496701706E-02  1.2750830876E+00
 -2.1603005437E-02  1.3531380409E+00
 -1.5621643495E-02  1.2844910280E+00
  1.2517836826E-02  1.0147281407E+00
  1.2023564864E-02  8.7031392339E-01
 -1.4012140567E-02  1.0571554288E+00
 -1.8822181599E-02  1.2040390597E+00
 -2.7570325699E-02  1.2304863396E+00
 -4.2453866156E-02  1.1767939141E+00
 -6.6696098397E-02  1.0669652936E+00
 -5.6039810456E-02  1.1485733329E+00
 -9.5878244168E-02  9.6006488641E-01
 -8.2583568699E-02  9.0058116532E-01
 -6.1508166114E-02  1.0251002587E+00
 -4.3640674556E-02  1.1660587043E+00
 -2.9707723697E-02  1.2705543823E+00
 -2.0477877126E-02  1.2131028544E+00
 -1.5742100154E-02  8.9646602874E-01
  1.4791463926E-02  6.8513911284E-01
 -1.7231696318E-02  9.1881728391E-01
 -2.3528071179E-02  1.1032596134E+00
 -3.5449255848E-02  1.1405890433E+00
 -5.6484192526E-02  1.0783677450E+00
 -9.1642482350E-02  9.5280118093E-01
 -6.6153629475E-02  1.1040416692E+00
 -8.4703162658E-02  9.0557053463E-01
 -5.8997303258E-02  1.0670489302E+00
 -3.8732677285E-02  1.2062144569E+00
 -2.5473608006E-02  1.1789446577E+00
 -1.8762412812E-02  8.3492026295E-01
 -1.7224590712E-02  5.4281865336E-01
 -2.0045948688E-02  8.2292419214E-01
 -2.7775841909E-02  1.0363247997E+00
 -4.2885476980E-02  1.0762547527E+00
 -7.0298840669E-02  1.0021710840E+00
 -7.2214687744E-02  1.0841971112E+00
 -7.2474439042E-02  9.9023664066E-01
 -4.6412675765E-02  1.1547674693E+00
 -2.9502021499E-02  1.1591160482E+00
 -2.1021761715E-02  8.0899391114E-01
 -1.8928745035E-02  4.4592690397E-01
 -2.1979313856E-02  7.6432028672E-01
 -3.0745775745E-02  9.9759600302E-01
 -4.8241280037E-02  1.0373257912E+00
 -8.0533265725E-02  9.5433044496E-01
 -7.2971766519E-02  1.0875956566E+00
 -7.8111259827E-02  9.5823170982E-01
 -4.9634358658E-02  1.1300009141E+00
 -3.1185259557E-02  1.1484531934E+00
 -2.1933986697E-02  8.0308366562E-01
 -1.9564848457E-02  4.0903689004E-01
 -2.2650344170E-02  7.4190634498E-01
 -3.1751250372E-02  9.8438072499E-01
 -5.0061383452E-02  1.0247894800E+00
 -8.4047971827E-02  9.3909079068E-01
 -6.8998872260E-02  1.1064493683E+00
 -7.2870722451E-02  9.7831101137E-01
 -4.6842109133E-02  1.1402808179E+00
 -2.9839548458E-02  1.1492574701E+00
 -2.1216558425E-02  8.1266693915E-01
 -1.8986022723E-02  4.4313626662E-01
 -2.1913764379E-02  7.5676448939E-01
 -3.0539536216E-02  9.9615617129E-01
 -4.7803608807E-02  1.0391109550E+00
 -7.9651925530E-02  9.5775807160E-01
 -6.2236076506E-02  1.1279955200E+00
 -8.5354171816E-02  8.8940964090E-01
 -5.9816365702E-02  1.0431157947E+00
 -3.9516822126E-02  1.1792755433E+00
 -2.6057369317E-02  1.1640864587E+00
 -1.9087325966E-02  8.4487834771E-01
 -1.7310609997E-02  5.3930685981E-01
 -1.9921646161E-02  8.1056448898E-01
 -2.7414162501E-02  1.0342202771E+00
 -4.2141086928E-02  1.0797406589E+00
 -6.8833452288E-02  1.0085907724E+00
 -5.4808776351E-02  1.1406058668E+00
 -9.4117180284E-02  9.2986100608E-01
 -8.3426572193E-02  8.8386027839E-01
 -6.2567291601E-02  9.9881475657E-01
 -4.4749271590E-02  1.1317224460E+00
 -3.0667500900E-02  1.2377447313E+00
 -2.1151029866E-02  1.2023604770E+00
 -1.6096679219E-02  9.1613593984E-01
  1.4864750025E-02  6.8409369033E-01
 -1.7061253230E-02  9.0612282685E-01
 -2.3087976184E-02  1.1020265651E+00
 -3.4587767480E-02  1.1457748980E+00
 -5.4850862635E-02  1.0869727411E+00
 -8.8629658432E-02  9.6395162800E-01
 -4.8086753326E-02  1.1432194659E+00
 -8.0436327404E-02  9.4621577989E-01
  9.8629059975E-02  8.5728641546E-01
  7.4680064221E-02  9.3295354920E-01
 -5.7150388586E-02  1.0172134144E+00
 -4.3214550508E-02  1.1207388386E+00
 -3.1641613908E-02  1.2372107011E+00
 -2.2517872603E-02  1.3254608734E+00
 -1.6226093400E-02  1.2875756853E+00
  1.2811197411E-02  1.0462335522E+00
  1.2051607009E-02  8.7506793865E-01
  1.3812850676E-02  1.0488279628E+00
 -1.8376225169E-02  1.2058289727E+00
 -2.6753733228E-02  1.2377555057E+00
 -4.0983873214E-02  1.1867120264E+00
 -6.4088146253E-02  1.0793347396E+00
 -9.9068115172E-02  9.3851944263E-01
 -4.2421096873E-02  1.1489899802E+00
  6.9350765598E-02  9.6400208114E-01
  8.8749007099E-02  9.1345445136E-01
  6.5513179299E-02  1.0024442847E+00
  4.9385532241E-02  1.0797497800E+00
 -3.7846928623E-02  1.1636888829E+00
 -2.8906057017E-02  1.2664120118E+00
 -2.1619090942E-02  1.3825898176E+00
 -1.5874546461E-02  1.4735704032E+00
 -1.1852290086E-02  1.4497248100E+00
  9.6506642354E-03  1.2513519532E+00
  9.2424795232E-03  1.1193129042E+00
  1.0611134290E-02  1.2470026917E+00
 -1.3929547093E-02  1.3550875004E+00
 -1.9764006327E-02  1.3602694130E+00
 -2.9279508781E-02  1.3038637999E+00
 -4.4278810896E-02  1.2051733324E+00
 -6.6753319036E-02  1.0737789607E+00
 -3.7384974919E-02  1.1755506118E+00
 -6.0179147369E-02  1.0005051739E+00
 -9.3328174155E-02  8.3853894193E-01
  8.1687748833E-02  9.2408490688E-01
  5.8977613364E-02  1.0400759000E+00
  4.3043255834E-02  1.1402284504E+00
  3.2227020200E-02  1.2331941638E+00
  2.4653140251E-02  1.3371355899E+00
 -1.8925306848E-02  1.4622073586E+00
 -1.4346740837E-02  1.6012680315E+00
 -1.0760400495E-02  1.7139958431E+00
  8.2439238760E-03  1.7107885256E+00
  6.8853357397E-03  1.5416545222E+00
  6.7179408382E-03  1.4283686546E+00
  7.7633658960E-03  1.5116201956E+00
  1.0123793354E-02  1.5625838010E+00
 -1.4107063145E-02  1.5242940187E+00
 -2.0364630748E-02  1.4427032205E+00
 -2.9956195310E-02  1.3358407420E+00
 -4.4184802266E-02  1.2053567654E+00
 -3.2271274487E-02  1.2333764011E+00
 -5.1382804472E-02  1.0667369934E+00
 -7.9062861409E-02  9.1100031725E-01
  7.8160922152E-02  9.0277275057E-01
  5.6097545670E-02  1.0278285863E+00
  3.9860308500E-02  1.1537610016E+00
  2.8639140048E-02  1.2758525835E+00
  2.1105487809E-02  1.4036942846E+00
  1.5935756057E-02  1.5530686394E+00
  1.2152847937E-02  1.7280845125E+00
 -9.2306499254E-03  1.9141990313E+00
  4.6609953603E-03  1.9236188789E+00
  4.6423253337E-03  1.8159185606E+00
  5.4291117410E-03  1.8565540717E+00
  7.0888512692E-03  1.8445923631E+00
 -9.8032928491E-03  1.7478940341E+00
 -1.3957499478E-02  1.6199489111E+00
 -2.0196062954E-02  1.4824954076E+00
 -2.9370116207E-02  1.3363247694E+00
 -1.2160845744E-02  1.7189504370E+00
 -1.6944483717E-02  1.5469223326E+00
 -2.2655147184E-02  1.4299703065E+00
 -2.8857505999E-02  1.3504611692E+00
 -3.4665728182E-02  1.2997206536E+00
 -3.8876524508E-02  1.2758237861E+00
 -4.0419506120E-02  1.2798819212E+00
 -3.8907201389E-02  1.3123874916E+00
 -3.4873257738E-02  1.3704320370E+00
 -2.9488140499E-02  1.4463655267E+00
 -2.3974041351E-02  1.5295157596E+00
 -1.9138124422E-02  1.6125875808E+00
 -1.5252349351E-02  1.6990344279E+00
 -1.2211563746E-02  1.8018851361E+00
 -9.7757470160E-03  1.9332276410E+00
  7.7006042116E-03  1.9379730107E+00
  1.1053536361E-02  1.7658839401E+00
  1.6151659054E-02  1.5891931737E+00
 -2.3777309313E-02  1.4135714694E+00
 -1.8283005192E-02  1.5135436622E+00
 -2.6472318084E-02  1.3704969197E+00
 -3.6974844763E-02  1.2619076765E+00
 -4.9178155512E-02  1.1757253817E+00
 -6.1310202301E-02  1.1110104141E+00
 -7.0640530497E-02  1.0724237543E+00
 -7.4564646980E-02  1.0648463956E+00
 -7.2022303157E-02  1.0900797586E+00
 -6.4127699999E-02  1.1450438371E+00
 -5.3459546069E-02  1.2205845614E+00
 -4.2656136956E-02  1.3022813422E+00
 -3.3385471314E-02  1.3766911124E+00
 -2.6147716378E-02  1.4418054114E+00
 -2.0660312393E-02  1.5102762343E+00
 -1.6378624024E-02  1.5987393320E+00
 -1.2868418059E-02  1.7144047110E+00
 -9.9472881539E-03  1.8443843972E+00
 -7.6368046072E-03  1.9395810984E+00
  6.0370327461E-03  1.9117941798E+00
  5.2335530427E-03  1.7468852989E+00
  5.2766823693E-03  1.6661461552E+00
  6.2134222770E-03  1.7282777238E+00
  8.1522803572E-03  1.7355911303E+00
 -1.1360980417E-02  1.6606219494E+00
 -1.6385611137E-02  1.5489583865E+00
 -2.4131284742E-02  1.4173883087E+00
 -3.5810931156E-02  1.2680680207E+00
 -2.6785036073E-02  1.3698991650E+00
 -4.0706059983E-02  1.2310088215E+00
 -5.9833408272E-02  1.1084303011E+00
 -8.3392169822E-02  1.0004047255E+00
 -9.6444336068E-02  9.8397884465E-01
 -7.5719987149E-02  1.0676450992E+00
 -5.8129496505E-02  1.1456181021E+00
 -4.4611680288E-02  1.2103321482E+00
 -3.4596160762E-02  1.2709317995E+00
 -2.6976939059E-02  1.3448455139E+00
 -2.0844466897E-02  1.4413206411E+00
 -1.5794526042E-02  1.5494984826E+00
 -1.1833154146E-02  1.6233832068E+00
  9.1003290051E-03  1.5760125253E+00
  7.6804609951E-03  1.3853334865E+00
  7.5874608046E-03  1.2972331599E+00
  8.8505889204E-03  1.4080634434E+00
 -1.1637299538E-02  1.4787416032E+00
 -1.6412965022E-02  1.4589227979E+00
 -2.4122250667E-02  1.3868575355E+00
 -3.6274331243E-02  1.2769246359E+00
 -5.4715638124E-02  1.1351799177E+00
 -3.8036397173E-02  1.2599109870E+00
 -6.0901211509E-02  1.1055944838E+00
 -9.4170552550E-02  9.5819306923E-01
 -9.8624793161E-02  9.2328021339E-01
 -7.4596567027E-02  9.9583890669E-01
 -5.6997674918E-02  1.0652865899E+00
 -4.3786889461E-02  1.1467697934E+00
 -3.3208713683E-02  1.2483061253E+00
 -2.4504598246E-02  1.3580131191E+00
 -1.7732186830E-02  1.4276497309E+00
 -1.3128397000E-02  1.3619075845E+00
  1.0720570632E-02  1.1236291349E+00
  1.0379694079E-02  1.0050994904E+00
  1.2057443972E-02  1.1646983122E+00
 -1.6025150706E-02  1.2911186613E+00
 -2.3130556523E-02  1.3088954330E+00
 -3.5063039077E-02  1.2530700268E+00
 -5.4384283106E-02  1.1426925704E+00
 -8.3853387140E-02  9.9565803861E-01
 -5.1698885056E-02  1.1694293845E+00
 -8.6896325701E-02  9.9104483522E-01
  9.1402227654E-02  8.7816317845E-01
 -6.9925171630E-02  9.7368174693E-01
 -5.2327958626E-02  1.0927217391E+00
 -3.7506944754E-02  1.2240570600E+00
 -2.5954419799E-02  1.3150726671E+00
 -1.8248393740E-02  1.2497179496E+00
  1.4263092084E-02  9.5364177679E-01
  1.3491375308E-02  7.7273442548E-01
 -1.5658551380E-02  9.8286952713E-01
 -2.1170322546E-02  1.1562101635E+00
 -3.1502192326E-02  1.1935326363E+00
 -4.9571357875E-02  1.1343824044E+00
 -7.9613261155E-02  1.0099793982E+00
 -6.6176034160E-02  1.0969638208E+00
 -8.0525291903E-02  9.3695030758E-01
 -5.6219490668E-02  1.0972450347E+00
 -3.7039603984E-02  1.2327417909E+00
 -2.4478824934E-02  1.2004190030E+00
 -1.8112892999E-02  8.6090719219E-01
 -1.6647866887E-02  5.8410651525E-01
 -1.9313554355E-02  8.4965999720E-01
 -2.6623782314E-02  1.0613400628E+00
 -4.0902594089E-02  1.1041254182E+00
 -6.6772721703E-02  1.0310676043E+00
 -7.8640969963E-02  1.0471605117E+00
 -7.9751199728E-02  9.6992228091E-01
 -5.0238918526E-02  1.1487613275E+00
 -3.1267187631E-02  1.1723091628E+00
 -2.1853345824E-02  8.2145092611E-01
 -1.9461257900E-02  4.2814913174E-01
 -2.2531191786E-02  7.5555582250E-01
 -3.1594764685E-02  9.9777026493E-01
 -4.9883106710E-02  1.0386185970E+00
 -8.3913946198E-02  9.5031071485E-01
 -8.6103173112E-02  1.0236550692E+00
 -6.2053805326E-02  1.0776192309E+00
 -3.6986616620E-02  1.1474758255E+00
 -2.4745485142E-02  8.0883208843E-01
 -2.1461823267E-02  3.0831495064E-01
 -2.4756421837E-02  6.9625949650E-01
 -3.5095406043E-02  9.6051303663E-01
 -5.6404785234E-02  9.9839453718E-01
 -9.6715318420E-02  8.9956739417E-01
 -8.7032295159E-02  1.0246607659E+00
 -6.7093679501E-02  1.0461961764E+00
 -3.9408014542E-02  1.1321345516E+00
 -2.5935833197E-02  8.0605715182E-01
 -2.2221888660E-02  2.5614254846E-01
 -2.5535081079E-02  6.7239643621E-01
 -3.6285676392E-02  9.4747172846E-01
 -5.8629691702E-02  9.8535196083E-01
 -8.2223347621E-02  1.0418356934E+00
 -6.2517064178E-02  1.0614559077E+00
 -3.7404925172E-02  1.1335812815E+00
 -2.5003319519E-02  8.0930649604E-01
 -2.1550437515E-02  3.0373800364E-01
 -2.4691704097E-02  6.8617818874E-01
 -3.4854226569E-02  9.5835614160E-01
 -5.5869020826E-02  1.0002180785E+00
 -9.5606575631E-02  9.0325263865E-01
 -7.4121885604E-02  1.0622896348E+00
 -8.0565982641E-02  9.4378638872E-01
 -5.1165578251E-02  1.1175395500E+00
 -3.2009015431E-02  1.1488954131E+00
 -2.2289355443E-02  8.2615385294E-01
 -1.9600547709E-02  4.2184197038E-01
 -2.2407840963E-02  7.3871643761E-01
 -3.1174688600E-02  9.9422067892E-01
 -4.8978136997E-02  1.0420894699E+00
 -8.2082147082E-02  9.5722326322E-01
 -6.5315620197E-02  1.0745360827E+00
 -8.1786714745E-02  9.0790391659E-01
 -5.7560664393E-02  1.0580691949E+00
 -3.8248091997E-02  1.1904875585E+00
 -2.5357554465E-02  1.1775440240E+00
 -1.8598932324E-02  8.7506122100E-01
 -1.6781198032E-02  5.7948515320E-01
 -1.9142720505E-02  8.3139983767E-01
 -2.6117913225E-02  1.0579628494E+00
 -3.9867027694E-02  1.1090645325E+00
 -6.4752063715E-02  1.0402840799E+00
 -5.7439053389E-02  1.0775860782E+00
  9.8378992461E-02  8.6894990503E-01
  9.3713863367E-02  8.4628932407E-01
 -7.1748904290E-02  9.3831671155E-01
 -5.3981315531E-02  1.0500550885E+00
 -3.8995603138E-02  1.1758429937E+00
 -2.7152349511E-02  1.2739047443E+00
 -1.9056890896E-02  1.2402025989E+00
 -1.4678046581E-02  9.8072947623E-01
  1.3571554939E-02  7.7361507818E-01
 -1.5455887029E-02  9.6875522860E-01
 -2.0664065380E-02  1.1552759173E+00
 -3.0535417994E-02  1.2000980440E+00
 -4.7778844476E-02  1.1447456635E+00
 -7.6368846734E-02  1.0232202726E+00
 -5.0898401819E-02  1.0848443958E+00
  8.5709314380E-02  8.8907964360E-01
  8.0311050288E-02  9.1816239889E-01
  6.0232492412E-02  1.0017881588E+00
 -4.5933211659E-02  1.0905723543E+00
 -3.4857829823E-02  1.1955951321E+00
 -2.5815044194E-02  1.3115884973E+00
 -1.8697357876E-02  1.4008501348E+00
 -1.3734191301E-02  1.3738465952E+00
  1.0998645427E-02  1.1639205294E+00
  1.0389290480E-02  1.0143617728E+00
  1.1842623070E-02  1.1590245379E+00
 -1.5574179850E-02  1.2952469502E+00
 -2.2337414146E-02  1.3179764799E+00
 -3.3683463754E-02  1.2639006433E+00
 -5.2000392924E-02  1.1553350805E+00
 -7.9904251794E-02  1.0098741373E+00
 -4.5118569940E-02  1.1139342652E+00
 -7.5344124001E-02  9.2859579496E-01
  7.1722908448E-02  9.5708988614E-01
  5.1778782031E-02  1.0614836678E+00
  3.8434911881E-02  1.1560646522E+00
  2.9212362749E-02  1.2581030555E+00
 -2.2301993362E-02  1.3778444048E+00
 -1.6802065631E-02  1.5092797593E+00
 -1.2501761778E-02  1.6149406966E+00
  9.4807923062E-03  1.6086778657E+00
  7.8221675932E-03  1.4361939374E+00
  7.5398997738E-03  1.3155940051E+00
  8.6447321845E-03  1.4132000387E+00
  1.1266283927E-02  1.4904297975E+00
 -1.5813406626E-02  1.4723441604E+00
 -2.3151228008E-02  1.3989330809E+00
 -3.4686677792E-02  1.2882987384E+00
 -5.2168886771E-02  1.1469880095E+00
 -3.9115394146E-02  1.1745350688E+00
 -6.5006057204E-02  9.9755364352E-01
  9.7864750650E-02  8.1680927959E-01
  6.8498187948E-02  9.4818120521E-01
  4.7806137610E-02  1.0761760879E+00
  3.3902850609E-02  1.1975462326E+00
  2.4755876776E-02  1.3211069479E+00
  1.8582596567E-02  1.4624197776E+00
 -1.4118240780E-02  1.6263957242E+00
 -1.0687510095E-02  1.8005161024E+00
 -8.0642210730E-03  1.9409365915E+00
  6.2458699173E-03  1.9567092496E+00
  5.2810021662E-03  1.8028315670E+00
  5.2012588394E-03  1.6919011898E+00
  6.0342919552E-03  1.7448608659E+00
  7.8644368171E-03  1.7569017551E+00
 -1.0928757661E-02  1.6809381189E+00
 -1.5731841890E-02  1.5648989380E+00
 -2.3122849138E-02  1.4295674729E+00
 -3.4251626564E-02  1.2784993781E+00
 -1.2919839197E-02  1.6860122945E+00
 -1.8078946838E-02  1.5205687089E+00
 -2.4293909680E-02  1.4070891421E+00
 -3.1100289961E-02  1.3285408544E+00
 -3.7514785219E-02  1.2772910927E+00
 -4.2182110384E-02  1.2524863611E+00
 -4.3891898920E-02  1.2560010535E+00
 -4.2210280978E-02  1.2886745290E+00
 -3.7746725496E-02  1.3475322103E+00
 -3.1819804753E-02  1.4244018796E+00
 -2.5789661707E-02  1.5075927738E+00
 -2.0539052404E-02  1.5885572095E+00
 -1.6350959041E-02  1.6699406405E+00
 -1.3093582623E-02  1.7649103963E+00
 -1.0491904957E-02  1.8864431087E+00
  8.1702701324E-03  1.8939011969E+00
  1.1794311015E-02  1.7286391655E+00
  1.7374192828E-02  1.5545292261E+00
 -2.5834134663E-02  1.3787333843E+00
 -1.9531954879E-02  1.4882196723E+00
 -2.8479596068E-02  1.3481114964E+00
 -4.0079243152E-02  1.2388637082E+00
 -5.3672245799E-02  1.1499902306E+00
 -6.7255796053E-02  1.0822343191E+00
 -7.7713928138E-02  1.0413375948E+00
 -8.2081449595E-02  1.0325209717E+00
 -7.9182522487E-02  1.0574886794E+00
 -7.0326183207E-02  1.1129824266E+00
 -5.8446756806E-02  1.1896744811E+00
 -4.6491141999E-02  1.2727083478E+00
 -3.6287702847E-02  1.3476699684E+00
 -2.8362349379E-02  1.4113942847E+00
 -2.2381865736E-02  1.4760534093E+00
 -1.7730325358E-02  1.5587070058E+00
 -1.3919299074E-02  1.6673566494E+00
 -1.0744091428E-02  1.7901021311E+00
 -8.2284300288E-03  1.8794696886E+00
  6.4812043631E-03  1.8490650802E+00
  5.5918181673E-03  1.6827976300E+00
  5.6095829852E-03  1.6009878796E+00
  6.5830038838E-03  1.6709973246E+00
  8.6352542309E-03  1.6912427141E+00
 -1.2076342689E-02  1.6270616724E+00
 -1.7540061635E-02  1.5208113452E+00
 -2.6080195487E-02  1.3888304393E+00
 -3.9130617764E-02  1.2353391088E+00
 -2.8824884307E-02  1.3476105844E+00
 -4.4228616712E-02  1.2072043005E+00
 -6.5618659996E-02  1.0802899102E+00
 -9.2147400676E-02  9.6775692011E-01
 -8.3484723448E-02  1.0295214398E+00
 -6.3990549922E-02  1.1088797275E+00
 -4.9035031605E-02  1.1751493813E+00
 -3.7970819784E-02  1.2364632091E+00
 -2.9561881994E-02  1.3098455692E+00
 -2.2788303576E-02  1.4044648652E+00
 -1.7202182547E-02  1.5095668421E+00
 -1.2819672243E-02  1.5796002805E+00
  9.7973887790E-03  1.5280306184E+00
  8.2155881474E-03  1.3310969916E+00
  8.0713529757E-03  1.2384329593E+00
  9.3865424921E-03  1.3583583091E+00
 -1.2352064388E-02  1.4428592536E+00
 -1.7510843176E-02  1.4329374043E+00
 -2.5965478417E-02  1.3635570486E+00
 -3.9476590287E-02  1.2495971347E+00
 -6.0208613045E-02  1.1006477216E+00
 -4.1263802721E-02  1.2366040511E+00
 -6.6821552755E-02  1.0770888149E+00
 -8.3161357897E-02  9.5428499609E-01
 -6.3605776584E-02  1.0267628956E+00
 -4.8858308260E-02  1.1117195904E+00
 -3.6958681372E-02  1.2166136941E+00
 -2.7100492232E-02  1.3293309942E+00
 -1.9420414466E-02  1.4006903850E+00
 -1.4216830666E-02  1.3323450848E+00
  1.1491973144E-02  1.0817288369E+00
  1.1050341290E-02  9.5072805741E-01
  1.2804821931E-02  1.1210845604E+00
 -1.7060483555E-02  1.2618269418E+00
 -2.4806484383E-02  1.2872748938E+00
 -3.8015982543E-02  1.2303911119E+00
 -5.9667928455E-02  1.1128329248E+00
 -9.2940814759E-02  9.5779466316E-01
 -5.6502445403E-02  1.1427601899E+00
 -9.6106959962E-02  9.5760060465E-01
 -8.0009376410E-02  9.2873158349E-01
 -5.9822522803E-02  1.0532058092E+00
 -4.2523266743E-02  1.1937213288E+00
 -2.8973242122E-02  1.2967442653E+00
 -1.9984687236E-02  1.2379704662E+00
 -1.5357693699E-02  9.2708414773E-01
  1.4382821134E-02  7.1968432901E-01
 -1.6656781571E-02  9.4371662407E-01
 -2.2619293521E-02  1.1316587330E+00
 -3.3986883263E-02  1.1734320551E+00
 -5.4162473067E-02  1.1094776879E+00
 -8.8046820084E-02  9.7635470624E-01
 -7.2733425277E-02  1.0665507972E+00
 -9.5202858410E-02  8.7748289755E-01
 -6.5815731664E-02  1.0484871501E+00
 -4.2447987051E-02  1.2064069663E+00
 -2.7266373103E-02  1.1979146087E+00
 -1.9648576642E-02  8.5072463683E-01
 -1.7787968741E-02  5.2672014173E-01
 -2.0583059062E-02  8.1291288602E-01
 -2.8550615414E-02  1.0397925670E+00
 -4.4384444310E-02  1.0836646877E+00
 -7.3470134954E-02  1.0030222512E+00
 -8.6724162340E-02  1.0138433277E+00
 -9.6937942910E-02  9.1579411066E-01
 -5.9187253250E-02  1.1046223105E+00
 -3.5497870949E-02  1.1669046980E+00
 -2.3925439113E-02  8.2430257509E-01
 -2.0854054451E-02  3.5643912032E-01
 -2.4055405218E-02  7.1899704285E-01
 -3.3988257217E-02  9.7779068659E-01
 -5.4385101265E-02  1.0170472919E+00
 -9.2835414614E-02  9.1963111668E-01
 -9.5071690270E-02  9.8846666721E-01
 -7.4816737250E-02  1.0285222456E+00
 -4.2622434113E-02  1.1338374346E+00
 -2.7305215420E-02  8.1842005503E-01
 -2.3057659710E-02  2.0472858509E-01
 -2.6467060758E-02  6.5841123183E-01
 -3.7833541776E-02  9.4111805931E-01
 -6.1680908793E-02  9.7584601498E-01
 -9.6082964676E-02  9.8819643425E-01
 -8.1677590658E-02  1.0004048750E+00
 -4.5659242281E-02  1.1141918558E+00
 -2.8710322867E-02  8.1675163629E-01
 -2.3903734657E-02  1.1586047471E-01
 -2.7315088091E-02  6.3326179382E-01
 -3.9144194511E-02  9.2808788997E-01
 -6.4175207555E-02  9.6244894729E-01
 -9.0726954777E-02  1.0043004204E+00
 -7.5214008928E-02  1.0101061549E+00
 -4.3081625285E-02  1.1180646716E+00
 -2.7602951949E-02  8.1669861337E-01
 -2.3167314251E-02  1.9823482541E-01
 -2.6403494454E-02  6.4671460056E-01
 -3.7569622651E-02  9.3856570296E-01
 -6.1079699445E-02  9.7771690153E-01
 -8.1791193639E-02  1.0239720202E+00
 -9.7456921349E-02  8.8448653435E-01
 -6.0149375560E-02  1.0716703187E+00
 -3.6331054331E-02  1.1390113344E+00
 -2.4433326962E-02  8.2527054567E-01
 -2.1029443243E-02  3.4840959542E-01
 -2.3933897826E-02  6.9931846326E-01
 -3.3530425140E-02  9.7343250027E-01
 -5.3373427526E-02  1.0205625792E+00
 -9.0757583604E-02  9.2682299061E-01
 -7.2152691892E-02  1.0360618720E+00
 -9.6470000591E-02  8.4715995661E-01
 -6.7239012267E-02  1.0077309629E+00
 -4.3793445526E-02  1.1598742897E+00
 -2.8274281062E-02  1.1677870224E+00
 -2.0221560718E-02  8.6084571463E-01
 -1.7962554973E-02  5.2000838148E-01
 -2.0413719386E-02  7.9114760689E-01
 -2.8002682738E-02  1.0351934984E+00
 -4.3233982452E-02  1.0885421936E+00
 -7.1190903161E-02  1.0126195003E+00
 -6.3604436738E-02  1.0397445987E+00
 -8.2194699058E-02  8.9003954907E-01
 -6.1718403136E-02  1.0070218086E+00
 -4.4218858305E-02  1.1403247475E+00
 -3.0350257219E-02  1.2478182774E+00
 -2.0927144994E-02  1.2202763150E+00
 -1.5854545139E-02  9.5092834740E-01
  1.4499511178E-02  7.1821791763E-01
 -1.6453954163E-02  9.2597932818E-01
 -2.2075039872E-02  1.1291482539E+00
 -3.2921944099E-02  1.1796906540E+00
 -5.2156129918E-02  1.1201785738E+00
 -8.4379291745E-02  9.9006926745E-01
 -5.6583163850E-02  1.0484534142E+00
  9.7081367434E-02  8.4428027474E-01
  9.0267568423E-02  8.6905848770E-01
  6.7587172148E-02  9.5672463395E-01
 -5.1439369135E-02  1.0493756826E+00
 -3.8899626134E-02  1.1573029285E+00
 -2.8629043188E-02  1.2751608040E+00
 -2.0548104695E-02  1.3653733284E+00
 -1.4932416136E-02  1.3374834395E+00
  1.1832768355E-02  1.1198932144E+00
  1.1085640644E-02  9.5778189824E-01
  1.2587406348E-02  1.1120644865E+00
 -1.6579381553E-02  1.2641403846E+00
 -2.3941720864E-02  1.2956805249E+00
 -3.6487114829E-02  1.2412722260E+00
 -5.6994627040E-02  1.1259234585E+00
 -8.8484824724E-02  9.7244076058E-01
 -5.0401532675E-02  1.0795237832E+00
 -8.6241557793E-02  8.8390673388E-01
  8.0198021914E-02  9.0887145436E-01
  5.7557007225E-02  1.0161494060E+00
  4.2524944191E-02  1.1126904154E+00
  3.2202183514E-02  1.2151108558E+00
 -2.4500780109E-02  1.3333873066E+00
 -1.8383530575E-02  1.4618479776E+00
 -1.3606811980E-02  1.5642947811E+00
 -1.0252397430E-02  1.5561460870E+00
  8.3970247074E-03  1.3807681295E+00
  8.0378665800E-03  1.2549324406E+00
  9.1759623325E-03  1.3605625897E+00
  1.1958923619E-02  1.4526107865E+00
 -1.6864271653E-02  1.4452712615E+00
 -2.4902026401E-02  1.3751710352E+00
 -3.7714011722E-02  1.2610381417E+00
 -5.7353870189E-02  1.1128505205E+00
 -4.3857023190E-02  1.1421433401E+00
 -7.5040516673E-02  9.5261003839E-01
  7.6878125957E-02  9.0190330442E-01
  5.3055929477E-02  1.0317800430E+00
  3.7333786633E-02  1.1533834555E+00
  2.7112249907E-02  1.2754483974E+00
  2.0277214241E-02  1.4133176868E+00
 -1.5366945599E-02  1.5721459964E+00
 -1.1605721348E-02  1.7403320890E+00
 -8.7310961847E-03  1.8761870269E+00
  6.7336111287E-03  1.8913512688E+00
  5.6602900607E-03  1.7382147586E+00
  5.5395312032E-03  1.6251714664E+00
  6.3981460100E-03  1.6849869424E+00
  8.3317626355E-03  1.7105639124E+00
  1.1614912427E-02  1.6459379258E+00
 -1.6832904359E-02  1.5357282739E+00
 -2.4973919640E-02  1.4004623938E+00
 -3.7397886532E-02  1.2457380704E+00
 -1.3069249364E-02  1.6799668345E+00
 -1.8303514647E-02  1.5157152853E+00
 -2.4620057179E-02  1.4028265309E+00
 -3.1548612824E-02  1.3243939299E+00
 -3.8085956871E-02  1.2729943172E+00
 -4.2845675966E-02  1.2479823228E+00
 -4.4588873450E-02  1.2513750215E+00
 -4.2872506317E-02  1.2840734684E+00
 -3.8321836636E-02  1.3430892775E+00
 -3.2285642154E-02  1.4201543918E+00
 -2.6151824443E-02  1.5033891325E+00
 -2.0818118578E-02  1.5840067759E+00
 -1.6569536681E-02  1.6644901319E+00
 -1.3268863692E-02  1.7580235384E+00
 -1.0634058252E-02  1.8777494017E+00
  8.2625677026E-03  1.8857494983E+00
  1.1940877448E-02  1.7217357063E+00
  1.7617979490E-02  1.5480528448E+00
 -2.6248030525E-02  1.3721736444E+00
 -1.9779541090E-02  1.4835458247E+00
 -2.8880256994E-02  1.3439065545E+00
 -4.0702459870E-02  1.2344496193E+00
 -5.4577982067E-02  1.1450080899E+00
 -6.8456369708E-02  1.0766515497E+00
 -7.9142403641E-02  1.0353171176E+00
 -8.3597526458E-02  1.0262727759E+00
 -8.0623742359E-02  1.0511893469E+00
 -7.1571471481E-02  1.1067704728E+00
 -5.9447745914E-02  1.1836658167E+00
 -4.7260921881E-02  1.2669567059E+00
 -3.6870483346E-02  1.3420617471E+00
 -2.8807028439E-02  1.4055968957E+00
 -2.2727248014E-02  1.4696299210E+00
 -1.8001068297E-02  1.5512849436E+00
 -1.4129263695E-02  1.6586981466E+00
 -1.0902734884E-02  1.7801392761E+00
 -8.3457140159E-03  1.8684206067E+00
  6.5688539728E-03  1.8374759559E+00
  5.6622166466E-03  1.6708794098E+00
  5.6747800100E-03  1.5888288142E+00
  6.6552882137E-03  1.6603374703E+00
  8.7299161245E-03  1.6830401120E+00
 -1.2217372160E-02  1.6208750997E+00
 -1.7769481132E-02  1.5155736090E+00
 -2.6470684657E-02  1.3834178733E+00
 -3.9801125033E-02  1.2290619444E+00
 -2.9232159075E-02  1.3434184817E+00
 -4.4936887361E-02  1.2026255418E+00
 -6.6787622550E-02  1.0748329585E+00
 -9.3921147200E-02  9.6145014981E-01
 -8.5046373487E-02  1.0221824683E+00
 -6.5174036348E-02  1.1017814840E+00
 -4.9931336111E-02  1.1683838239E+00
 -3.8656108082E-02  1.2299237423E+00
 -3.0087028389E-02  1.3033300716E+00
 -2.3182413283E-02  1.3977350193E+00
 -1.7486137891E-02  1.5023821723E+00
 -1.3017110732E-02  1.5717671063E+00
  9.9356288332E-03  1.5193808054E+00
  8.3208835568E-03  1.3211250846E+00
  8.1661339253E-03  1.2274715775E+00
  9.4914749957E-03  1.3491305353E+00
 -1.2492565011E-02  1.4362517413E+00
 -1.7728297388E-02  1.4281459895E+00
 -2.6333775200E-02  1.3591603674E+00
 -4.0121278603E-02  1.2443258561E+00
 -6.1320739433E-02  1.0939583235E+00
 -4.1912024675E-02  1.2321284388E+00
 -6.8017943154E-02  1.0715601981E+00
 -8.4914520374E-02  9.4626525819E-01
 -6.4969368281E-02  1.0193197193E+00
 -4.9910222846E-02  1.1049912161E+00
 -3.7736960298E-02  1.2106393448E+00
 -2.7636364917E-02  1.3241227245E+00
 -1.9764900874E-02  1.3960451357E+00
 -1.4435413528E-02  1.3273421406E+00
  1.1644542496E-02  1.0742458564E+00
  1.1181862009E-02  9.4058668031E-01
  1.2951382408E-02  1.1130082294E+00
 -1.7264763391E-02  1.2564556549E+00
 -2.5140221639E-02  1.2832561619E+00
 -3.8609254953E-02  1.2260325315E+00
 -6.0735920288E-02  1.1070264697E+00
 -9.4782702841E-02  9.5048869915E-01
 -5.7471002134E-02  1.1375886588E+00
 -9.7972869226E-02  9.5114946113E-01
 -8.2154126707E-02  9.1967829579E-01
 -6.1422744906E-02  1.0451573312E+00
 -4.3589607503E-02  1.1875917136E+00
 -2.9606362863E-02  1.2933341939E+00
 -2.0340873067E-02  1.2363225220E+00
 -1.5576626133E-02  9.2271523948E-01
  1.4558237794E-02  7.0971125386E-01
 -1.6852973687E-02  9.3646876519E-01
 -2.2906352364E-02  1.1271659540E+00
 -3.4484246487E-02  1.1696421327E+00
 -5.5089242986E-02  1.1046394297E+00
 -8.9756822402E-02  9.6983967849E-01
 -7.4057811285E-02  1.0606537889E+00
 -9.8442856560E-02  8.6557713000E-01
 -6.7918071814E-02  1.0382961687E+00
 -4.3614343784E-02  1.2006557074E+00
 -2.7852625462E-02  1.1976088065E+00
 -1.9960795105E-02  8.4961751516E-01
 -1.8013652085E-02  5.1565289341E-01
 -2.0833252438E-02  8.0607086363E-01
 -2.8933795721E-02  1.0358422170E+00
 -4.5084447795E-02  1.0797552885E+00
 -7.4827097766E-02  9.9756445473E-01
 -8.8356278087E-02  1.0074115519E+00
 -6.1168919536E-02  1.0953857493E+00
 -3.6406807963E-02  1.1653747268E+00
 -2.4353818604E-02  8.2565142893E-01
 -2.1131754509E-02  3.4172469637E-01
 -2.4356627077E-02  7.1210192150E-01
 -3.4465683255E-02  9.7410897591E-01
 -5.5293089088E-02  1.0128920167E+00
 -9.4647891290E-02  9.1367624528E-01
 -9.6879762859E-02  9.8170344026E-01
 -7.7749055496E-02  1.0207254085E+00
 -4.3850317973E-02  1.1302980869E+00
 -2.7840700081E-02  8.2090357490E-01
 -2.3377737600E-02  1.7931175863E-01
 -2.6805832853E-02  6.5117231938E-01
 -3.8380761132E-02  9.3752546307E-01
 -6.2747058555E-02  9.7148662446E-01
 -9.7904354926E-02  9.8119941513E-01
 -8.5103828477E-02  9.9492088772E-01
 -4.7027428742E-02  1.1097578824E+00
 -2.9292996385E-02  8.1935760550E-01
 -2.4241851190E-02  6.1921576582E-02
 -2.7667887303E-02  6.2572680308E-01
 -3.9715824173E-02  9.2448963098E-01
 -6.5296448432E-02  9.5801720777E-01
 -9.2437351742E-02  9.9708621541E-01
 -7.8113447785E-02  1.0014554718E+00
 -4.4316200473E-02  1.1142046374E+00
 -2.8146334441E-02  8.1873557736E-01
 -2.3491691370E-02  1.7206102247E-01
 -2.6742544874E-02  6.3914972833E-01
 -3.8112230902E-02  9.3489885929E-01
 -6.2132451569E-02  9.7336846304E-01
 -8.3336819972E-02  1.0165873765E+00
 -6.2129173963E-02  1.0620323472E+00
 -3.7256976803E-02  1.1366894400E+00
 -2.4876122329E-02  8.2584397154E-01
 -2.1314551366E-02  3.3333830359E-01
 -2.4235586057E-02  6.9185400482E-01
 -3.4000216389E-02  9.6959789369E-01
 -5.4259607579E-02  1.0164198805E+00
 -9.2519576125E-02  9.2092029183E-01
 -7.3537086982E-02  1.0286400184E+00
 -9.9689670208E-02  8.3486048552E-01
 -6.9348015711E-02  9.9726700127E-01
 -4.4984310524E-02  1.1534306019E+00
 -2.8885997326E-02  1.1660956999E+00
 -2.0551431004E-02  8.5888525855E-01
 -1.8196755579E-02  5.0854100670E-01
 -2.0664352042E-02  7.8360544945E-01
 -2.8377396704E-02  1.0310099978E+00
 -4.3910568760E-02  1.0846273357E+00
 -7.2494946632E-02  1.0072358476E+00
 -6.4861745627E-02  1.0324588725E+00
 -8.4410747272E-02  8.8040733001E-01
 -6.3364305906E-02  9.9839535134E-01
 -4.5324805667E-02  1.1333000716E+00
 -3.1018820665E-02  1.2429508747E+00
 -2.1310427458E-02  1.2169876862E+00
 -1.6090256099E-02  9.4586846962E-01
  1.4682524092E-02  7.0778624677E-01
 -1.6650275686E-02  9.1800934559E-01
 -2.2354499604E-02  1.1243522896E+00
 -3.3399379110E-02  1.1758498520E+00
 -5.3039260791E-02  1.1154106352E+00
 -8.6002908018E-02  9.8364060589E-01
 -5.7753081515E-02  1.0414691546E+00
  9.9460955406E-02  8.3547592083E-01
  9.2315552771E-02  8.5956533822E-01
  6.9107211404E-02  9.4801732482E-01
 -5.2580801741E-02  1.0414750026E+00
 -3.9737108620E-02  1.1500732791E+00
 -2.9209039338E-02  1.2684539925E+00
 -2.0925640987E-02  1.3590344891E+00
 -1.5173477210E-02  1.3310876140E+00
  1.1998280870E-02  1.1119590240E+00
  1.1222567595E-02  9.4720425588E-01
  1.2733603486E-02  1.1033240506E+00
 -1.6777681006E-02  1.2584185175E+00
 -2.4260995818E-02  1.2915403353E+00
 -3.7050023973E-02  1.2369332335E+00
 -5.8003654307E-02  1.1202067300E+00
 -9.0223738076E-02  9.6520975088E-01
 -5.1499277673E-02  1.0729236889E+00
 -8.8559152071E-02  8.7491650487E-01
  8.1931199000E-02  8.9956692305E-01
  5.8736515524E-02  1.0074276863E+00
  4.3358980883E-02  1.1044205383E+00
  3.2810994789E-02  1.2070296150E+00
 -2.4947281580E-02  1.3251550966E+00
 -1.8703124933E-02  1.4531650489E+00
 -1.3828585885E-02  1.5550741172E+00
 -1.0406000572E-02  1.5465620498E+00
  8.5105754933E-03  1.3705461165E+00
  8.1356635453E-03  1.2436055056E+00
  9.2800783215E-03  1.3507578968E+00
  1.2095067423E-02  1.4456292946E+00
 -1.7072297318E-02  1.4402780853E+00
 -2.5251612168E-02  1.3706975242E+00
 -3.8323127505E-02  1.2557907294E+00
 -5.8403364161E-02  1.1062418495E+00
 -4.4849471999E-02  1.1359198772E+00
 -7.7200339962E-02  9.4336836245E-01
  7.8606668577E-02  8.9295141071E-01
  5.4127303324E-02  1.0232570562E+00
  3.8029749683E-02  1.1449576520E+00
  2.7588293243E-02  1.2668123044E+00
  2.0618395137E-02  1.4041181341E+00
 -1.5617511487E-02  1.5620580677E+00
 -1.1789297589E-02  1.7291857066E+00
 -8.8638690715E-03  1.8642013440E+00
  6.8302719394E-03  1.8792257982E+00
  5.7350897369E-03  1.7261864584E+00
  5.6059335730E-03  1.6127091379E+00
  6.4693785439E-03  1.6738226895E+00
  8.4233644205E-03  1.7019786758E+00
  1.1750131838E-02  1.6394804709E+00
 -1.7051584050E-02  1.5303046913E+00
 -2.5344575013E-02  1.3949587407E+00
 -3.8033085055E-02  1.2394688066E+00
 -1.2584202283E-02  1.7001019963E+00
 -1.7575964422E-02  1.5318582688E+00
 -2.3565494401E-02  1.4169428756E+00
 -3.0101323369E-02  1.3380492910E+00
 -3.6244017416E-02  1.2870791438E+00
 -4.0706772237E-02  1.2627077273E+00
 -4.2342155370E-02  1.2664796845E+00
 -4.0736876763E-02  1.2990877689E+00
 -3.6465980323E-02  1.3575874147E+00
 -3.0781435814E-02  1.4340300338E+00
 -2.4981729382E-02  1.5171632967E+00
 -1.9916068382E-02  1.5989858817E+00
 -1.5862703046E-02  1.6825046889E+00
 -1.2701801582E-02  1.7808366790E+00
 -1.0173968844E-02  1.9065749543E+00
  7.9627417199E-03  1.9128234240E+00
  1.1465948015E-02  1.7446448545E+00
  1.6830288906E-02  1.5694811195E+00
 -2.4915182370E-02  1.3938156527E+00
 -1.8977839253E-02  1.4990787180E+00
 -2.7586147772E-02  1.3577892237E+00
 -3.8693702422E-02  1.2489196868E+00
 -5.1662711275E-02  1.1612799432E+00
 -6.4594719404E-02  1.0948736840E+00
 -7.4547770995E-02  1.0549825205E+00
 -7.8718699813E-02  1.0466979473E+00
 -7.5982240437E-02  1.0717822828E+00
 -6.7558165352E-02  1.1270592139E+00
 -5.6220692594E-02  1.2032655291E+00
 -4.4779413832E-02  1.2857125221E+00
 -3.4992162344E-02  1.3603905410E+00
 -2.7373841303E-02  1.4246372723E+00
 -2.1613782297E-02  1.4908479508E+00
 -1.7127725294E-02  1.5759149912E+00
 -1.3451354778E-02  1.6875123639E+00
 -1.0389858748E-02  1.8133291820E+00
 -7.9659354346E-03  1.9052096435E+00
  6.2845485266E-03  1.8759896099E+00
  5.4335091654E-03  1.7103877952E+00
  5.4627128185E-03  1.6290821110E+00
  6.4200570599E-03  1.6956629417E+00
  8.4221084366E-03  1.7102840813E+00
 -1.1759781077E-02  1.6414470950E+00
 -1.7027276498E-02  1.5329279767E+00
 -2.5211178149E-02  1.4012308125E+00
 -3.7644788115E-02  1.2496326931E+00
 -2.7916819521E-02  1.3572522132E+00
 -4.2655277964E-02  1.2176133533E+00
 -6.3028609251E-02  1.0926465798E+00
 -8.8222660877E-02  9.8207075163E-01
 -8.0015331285E-02  1.0462098604E+00
 -6.1367204315E-02  1.1249865356E+00
 -4.7052210239E-02  1.1905360712E+00
 -3.6456727840E-02  1.2514386658E+00
 -2.8401972480E-02  1.3249152169E+00
 -2.1916924318E-02  1.4201919913E+00
 -1.6572650911E-02  1.5264936466E+00
 -1.2380081369E-02  1.5981158195E+00
  9.4880761867E-03  1.5483957114E+00
  7.9789854311E-03  1.3543252517E+00
  7.8578552582E-03  1.2637738277E+00
  9.1501288040E-03  1.3797378315E+00
 -1.2036196217E-02  1.4582335833E+00
 -1.7023946796E-02  1.4440758659E+00
 -2.5144650426E-02  1.3736520915E+00
 -3.8045450960E-02  1.2615636659E+00
 -5.7747106142E-02  1.1158038904E+00
 -3.9823028020E-02  1.2467871167E+00
 -6.4170870948E-02  1.0896070886E+00
 -9.9783382865E-02  9.3902095155E-01
 -7.9304038854E-02  9.7249020854E-01
 -6.0619037520E-02  1.0436414538E+00
 -4.6560919448E-02  1.1270197866E+00
 -3.5259593557E-02  1.2303222618E+00
 -2.5927275258E-02  1.3415214199E+00
 -1.8661494460E-02  1.4118861946E+00
 -1.3731108101E-02  1.3445381830E+00
  1.1150118816E-02  1.0994396278E+00
  1.0754286268E-02  9.7416556172E-01
  1.2474902557E-02  1.1398214792E+00
 -1.6602146525E-02  1.2743523021E+00
 -2.4061349420E-02  1.2965760461E+00
 -3.6697560516E-02  1.2403032053E+00
 -5.7302026772E-02  1.1259621045E+00
 -8.8866132613E-02  9.7438670869E-01
 -5.4354030197E-02  1.1544697290E+00
 -9.1978122563E-02  9.7225416491E-01
  9.8326236178E-02  8.5137141066E-01
 -7.5388379497E-02  9.4880064572E-01
 -5.6382281525E-02  1.0709289157E+00
 -4.0225431935E-02  1.2072540942E+00
 -2.7599044283E-02  1.3045894806E+00
 -1.9202324754E-02  1.2424293595E+00
 -1.4870157552E-02  9.3790998259E-01
  1.3988696824E-02  7.4263213290E-01
 -1.6215670283E-02  9.6053305972E-01
 -2.1976618857E-02  1.1421461424E+00
 -3.2879462747E-02  1.1821371065E+00
 -5.2108034436E-02  1.1204211161E+00
 -8.4264783258E-02  9.9111802368E-01
 -6.9798161980E-02  1.0799069536E+00
 -8.8367540145E-02  9.0414411520E-01
 -6.1359991383E-02  1.0707242844E+00
 -3.9954307178E-02  1.2185956623E+00
 -2.5995927211E-02  1.1987619944E+00
 -1.8959493954E-02  8.5425863366E-01
 -1.7282561070E-02  5.5182578348E-01
 -2.0021365005E-02  8.2873519415E-01
 -2.7694469915E-02  1.0490035770E+00
 -4.2829404948E-02  1.0925820719E+00
 -7.0467893283E-02  1.0153586958E+00
 -8.3106161058E-02  1.0284470305E+00
 -8.8760366683E-02  9.3746342218E-01
 -5.5013356224E-02  1.1248764051E+00
 -3.3550717255E-02  1.1697102818E+00
 -2.2988544342E-02  8.2216865420E-01
 -2.0234613745E-02  3.8864615790E-01
 -2.3380158709E-02  7.3482786159E-01
 -3.2923251535E-02  9.8635080846E-01
 -5.2371422245E-02  1.0264860940E+00
 -8.8831076739E-02  9.3311178969E-01
 -9.1060115974E-02  1.0038601434E+00
 -6.8780101074E-02  1.0490644845E+00
 -4.0012032875E-02  1.1407297402E+00
 -2.6141550297E-02  8.1349080849E-01
 -2.2346006209E-02  2.5425439286E-01
 -2.5708496770E-02  6.7490312649E-01
 -3.6614088484E-02  9.4944722638E-01
 -5.9318846331E-02  9.8573035922E-01
 -9.2037839845E-02  1.0041361187E+00
 -7.4724265868E-02  1.0180481806E+00
 -4.2757932920E-02  1.1230704718E+00
 -2.7446764393E-02  8.1142762136E-01
 -2.3152928077E-02  1.8908055874E-01
 -2.6525465167E-02  6.5036555442E-01
 -3.7870760147E-02  9.3642048466E-01
 -6.1691856119E-02  9.7249307697E-01
 -8.6927237809E-02  1.0207199288E+00
 -6.9222189092E-02  1.0319718346E+00
 -4.0454371188E-02  1.1257319031E+00
 -2.6421570946E-02  8.1275759430E-01
 -2.2446186851E-02  2.4882186946E-01
 -2.5644365799E-02  6.6392885684E-01
 -3.6360365822E-02  9.4706596907E-01
 -5.8747116968E-02  9.8757848993E-01
 -7.8361287508E-02  1.0407535252E+00
 -8.9465912812E-02  9.0927148055E-01
 -5.5967469346E-02  1.0926967212E+00
 -3.4344387136E-02  1.1437081901E+00
 -2.3464336988E-02  8.2483276396E-01
 -2.0393716125E-02  3.8138988950E-01
 -2.3257725569E-02  7.1641561702E-01
 -3.2482327052E-02  9.8234362014E-01
 -5.1407776187E-02  1.0299775211E+00
 -8.6864196725E-02  9.4018288921E-01
 -6.9088597836E-02  1.0529168281E+00
 -8.9650372649E-02  8.7446584570E-01
 -6.2755465384E-02  1.0305906335E+00
 -4.1241430838E-02  1.1737991874E+00
 -2.6946585754E-02  1.1718050453E+00
 -1.9493446135E-02  8.6622602028E-01
 -1.7438482659E-02  5.4602738385E-01
 -1.9851210389E-02  8.0853067401E-01
 -2.7165332627E-02  1.0449371192E+00
 -4.1730590256E-02  1.0974795709E+00
 -6.8305128335E-02  1.0247880817E+00
 -6.0832602654E-02  1.0563031122E+00
 -7.7413279421E-02  9.1150141555E-01
 -5.8172670841E-02  1.0261826630E+00
 -4.1830445090E-02  1.1560237645E+00
 -2.8896554858E-02  1.2590283291E+00
 -2.0084743927E-02  1.2283881912E+00
 -1.5330092535E-02  9.6324290246E-01
  1.4088808519E-02  7.4220074032E-01
 -1.6012744195E-02  9.4440735112E-01
 -2.1449292491E-02  1.1403252523E+00
 -3.1858567361E-02  1.1885211307E+00
 -5.0197876565E-02  1.1309682130E+00
 -8.0787631076E-02  1.0046299523E+00
 -5.4016973777E-02  1.0643465573E+00
  9.1908493011E-02  8.6406407061E-01
  8.5773175527E-02  8.9058741823E-01
  6.4260364095E-02  9.7647123084E-01
 -4.8945523860E-02  1.0673567270E+00
 -3.7069549827E-02  1.1738877246E+00
 -2.7358062260E-02  1.2907532117E+00
 -1.9716172783E-02  1.3803565225E+00
 -1.4397220341E-02  1.3527414360E+00
  1.1462547084E-02  1.1385780877E+00
  1.0777853889E-02  9.8219771847E-01
  1.2258478967E-02  1.1322867414E+00
 -1.6134420001E-02  1.2774612270E+00
 -2.3228639115E-02  1.3052680461E+00
 -3.5235737100E-02  1.2511513994E+00
 -5.4758814608E-02  1.1388523629E+00
 -8.4637694296E-02  9.8885239817E-01
 -4.8006394598E-02  1.0945368697E+00
 -8.1248010874E-02  9.0384850033E-01
  7.6382396364E-02  9.2999511736E-01
  5.4957900935E-02  1.0359795750E+00
  4.0686229417E-02  1.1315802722E+00
  3.0859066406E-02  1.2337077871E+00
 -2.3514326626E-02  1.3524835100E+00
 -1.7675627621E-02  1.4821155054E+00
 -1.3113743443E-02  1.5858839390E+00
  9.9093925876E-03  1.5785633746E+00
  8.1423950535E-03  1.4045387073E+00
  7.8178866649E-03  1.2810952872E+00
  8.9415182247E-03  1.3832382633E+00
  1.1652840747E-02  1.4688337673E+00
 -1.6398347384E-02  1.4568774844E+00
 -2.4122614100E-02  1.3854550601E+00
 -3.6361426781E-02  1.2729632784E+00
 -5.5030689918E-02  1.1278283333E+00
 -4.1700280772E-02  1.1562740942E+00
 -7.0417447332E-02  9.7287520451E-01
  7.3090817478E-02  9.2219507079E-01
  5.0694856723E-02  1.0511792115E+00
  3.5795061517E-02  1.1726241095E+00
  2.6057481519E-02  1.2952593004E+00
  1.9519892627E-02  1.4345281822E+00
 -1.4809775280E-02  1.5954988381E+00
 -1.1196711891E-02  1.7661917962E+00
 -8.4346133289E-03  1.9040025633E+00
  6.5172310412E-03  1.9194578082E+00
  5.4924081983E-03  1.7660448301E+00
  5.3901302000E-03  1.6539538493E+00
  6.2376524431E-03  1.7107926882E+00
  8.1255151535E-03  1.7304753593E+00
 -1.1311329912E-02  1.6609466724E+00
 -1.6343969495E-02  1.5482808129E+00
 -2.4148771419E-02  1.4130868112E+00
 -3.5989980539E-02  1.2600303508E+00
 -1.1544070633E-02  1.7488000790E+00
 -1.6030447535E-02  1.5707191239E+00
 -2.1345898046E-02  1.4503138874E+00
 -2.7078212451E-02  1.3695119770E+00
 -3.2416239144E-02  1.3188262679E+00
 -3.6272623650E-02  1.2954499002E+00
 -3.7684393815E-02  1.2998314049E+00
 -3.6301160279E-02  1.3321422354E+00
 -3.2600148362E-02  1.3895238903E+00
 -2.7638178683E-02  1.4647940910E+00
 -2.2529510351E-02  1.5481775037E+00
 -1.8020822241E-02  1.6334365762E+00
 -1.4374318936E-02  1.7246514076E+00
 -1.1505340761E-02  1.8346718132E+00
 -9.2013475483E-03  1.9748091322E+00
  7.3179774027E-03  1.9774330932E+00
  1.0456304718E-02  1.7991527601E+00
  1.5177925607E-02  1.6198048633E+00
 -2.2161653456E-02  1.4439768738E+00
 -1.7278974306E-02  1.5363473601E+00
 -2.4876060703E-02  1.3901602116E+00
 -3.4528867267E-02  1.2815344397E+00
 -4.5660259597E-02  1.1972283131E+00
 -5.6672149046E-02  1.1349149039E+00
 -6.5126172070E-02  1.0982734725E+00
 -6.8695287996E-02  1.0917829698E+00
 -6.6415393147E-02  1.1172317398E+00
 -5.9260077831E-02  1.1716657388E+00
 -4.9536321600E-02  1.2461472957E+00
 -3.9637846412E-02  1.3267617516E+00
 -3.1101072399E-02  1.4010038542E+00
 -2.4403243915E-02  1.4678510613E+00
 -1.9301848209E-02  1.5402726519E+00
 -1.5309068795E-02  1.6344357010E+00
 -1.2033661435E-02  1.7567707361E+00
 -9.3110495345E-03  1.8934246674E+00
 -7.1614024832E-03  1.9937553686E+00
  5.6777108879E-03  1.9679202398E+00
  4.9418747362E-03  1.8037255583E+00
  5.0042300751E-03  1.7236862834E+00
  5.9102410258E-03  1.7790719767E+00
  7.7572408975E-03  1.7752869655E+00
 -1.0780979289E-02  1.6908384246E+00
 -1.5461135060E-02  1.5739922262E+00
 -2.2590701965E-02  1.4420958771E+00
 -3.3219718187E-02  1.2958286654E+00
 -2.5163605969E-02  1.3894407823E+00
 -3.7937677391E-02  1.2511384341E+00
 -5.5324056506E-02  1.1318400956E+00
 -7.6599665844E-02  1.0276457185E+00
 -9.8692233023E-02  9.4508474738E-01
 -8.8511740331E-02  1.0165970131E+00
 -6.9636013280E-02  1.0995977449E+00
 -5.3559588853E-02  1.1762983492E+00
 -4.1176956230E-02  1.2400044245E+00
 -3.1981587171E-02  1.3006736956E+00
 -2.4973845985E-02  1.3759419338E+00
 -1.9332791076E-02  1.4749673551E+00
 -1.4691223329E-02  1.5866404106E+00
 -1.1050858489E-02  1.6643335030E+00
  8.5402095765E-03  1.6203790178E+00
  7.2455476664E-03  1.4341755520E+00
  7.1915010189E-03  1.3492327780E+00
  8.4116184083E-03  1.4522941453E+00
 -1.1055242242E-02  1.5110719403E+00
 -1.5529207445E-02  1.4823389124E+00
 -2.2658835458E-02  1.4071817382E+00
 -3.3762844442E-02  1.2999109385E+00
 -5.0447683926E-02  1.1639434734E+00
 -3.5495593723E-02  1.2796789606E+00
 -5.6287636326E-02  1.1292960018E+00
 -8.6288987699E-02  9.8676600074E-01
 -8.9980078929E-02  9.5977166594E-01
 -6.8048263811E-02  1.0306625156E+00
 -5.1999217796E-02  1.0976720583E+00
 -3.9976242162E-02  1.1767172776E+00
 -3.0391116090E-02  1.2762852420E+00
 -2.2537094163E-02  1.3847289833E+00
 -1.6429843172E-02  1.4543321890E+00
 -1.2268798037E-02  1.3915195428E+00
  1.0097880420E-02  1.1628001793E+00
  9.8317727713E-03  1.0531577483E+00
  1.1446764974E-02  1.2036564197E+00
 -1.5186870335E-02  1.3176814831E+00
 -2.1792781340E-02  1.3281789819E+00
 -3.2739184307E-02  1.2722895983E+00
 -5.0268618777E-02  1.1674172267E+00
 -7.6811056608E-02  1.0272940545E+00
 -4.7942095825E-02  1.1916367484E+00
 -7.9750928117E-02  1.0189993998E+00
  8.2052242394E-02  9.1718869233E-01
 -6.2630478346E-02  1.0093971602E+00
 -4.6934825517E-02  1.1238469565E+00
 -3.3869929173E-02  1.2486655858E+00
 -2.3718363337E-02  1.3322156081E+00
 -1.6918198922E-02  1.2641797623E+00
  1.3392917190E-02  9.8095988583E-01
  1.2766334178E-02  8.1916986818E-01
 -1.4845586695E-02  1.0178867687E+00
 -2.0004455309E-02  1.1785578476E+00
 -2.9535055099E-02  1.2110951866E+00
 -4.5986199510E-02  1.1550796839E+00
 -7.3079213555E-02  1.0378987717E+00
 -6.1063846235E-02  1.1222219609E+00
 -9.4583449275E-02  8.5271274320E-01
 -7.0438373243E-02  9.8214840495E-01
 -4.9568416883E-02  1.1327760002E+00
 -3.3202039169E-02  1.2517125944E+00
 -2.2421036923E-02  1.2048431587E+00
 -1.6919873466E-02  8.7533550735E-01
 -1.5728006151E-02  6.3275611140E-01
 -1.8283782760E-02  8.8231873065E-01
 -2.5082508094E-02  1.0809254227E+00
 -3.8165106089E-02  1.1216335788E+00
 -6.1574569510E-02  1.0542514456E+00
 -7.2340288762E-02  1.0749682308E+00
 -9.9384533990E-02  8.4827167174E-01
 -6.8578311991E-02  1.0194481218E+00
 -4.4123614132E-02  1.1794459508E+00
 -2.8245111602E-02  1.1752591290E+00
 -2.0282311042E-02  8.2494109637E-01
 -1.8348614795E-02  4.8471528947E-01
 -2.1299757014E-02  7.8754385186E-01
 -2.9689213837E-02  1.0158200762E+00
 -4.6361681393E-02  1.0568238360E+00
 -7.7020132097E-02  9.7573168406E-01
 -7.9099308986E-02  1.0531931349E+00
 -8.5811377589E-02  9.3516262541E-01
 -5.3649718096E-02  1.1182653523E+00
 -3.3046353498E-02  1.1542396590E+00
 -2.2838731543E-02  8.0596689235E-01
 -2.0197521589E-02  3.7867542728E-01
 -2.3378564017E-02  7.2879105148E-01
 -3.2921989444E-02  9.7791814764E-01
 -5.2290525275E-02  1.0172984622E+00
 -8.8510987588E-02  9.2638125815E-01
 -7.9947660794E-02  1.0553393178E+00
 -9.3161163820E-02  9.0305626526E-01
 -5.7673762870E-02  1.0895508139E+00
 -3.5066808318E-02  1.1416563102E+00
 -2.3881391873E-02  8.0180130155E-01
 -2.0893884933E-02  3.3617344045E-01
 -2.4103073067E-02  7.0573696497E-01
 -3.4018892197E-02  9.6481617158E-01
 -5.4309442505E-02  1.0045211550E+00
 -9.2464885776E-02  9.1067373992E-01
 -7.5562008678E-02  1.0733530054E+00
 -8.6159173951E-02  9.2221563897E-01
 -5.4107428218E-02  1.1029037311E+00
 -3.3425972029E-02  1.1422087493E+00
 -2.3064855335E-02  8.0809823707E-01
 -2.0270109266E-02  3.7503830447E-01
 -2.3313259689E-02  7.1997709471E-01
 -3.2698454166E-02  9.7610524308E-01
 -5.1804717662E-02  1.0190959107E+00
 -8.7518471918E-02  9.2994315861E-01
 -6.8129476002E-02  1.0943644676E+00
 -9.9994612684E-02  8.3124727418E-01
 -6.9430107389E-02  9.9458336298E-01
 -4.4988036826E-02  1.1499987546E+00
 -2.8909148584E-02  1.1559428638E+00
 -2.0662118474E-02  8.3238914372E-01
 -1.8460583421E-02  4.7978300238E-01
 -2.1175596226E-02  7.7294773216E-01
 -2.9298564507E-02  1.0129667773E+00
 -4.5538384066E-02  1.0602866266E+00
 -7.5375363017E-02  9.8240378951E-01
 -6.0006570266E-02  1.1067492046E+00
 -9.5590939405E-02  8.3440779795E-01
 -7.1617938722E-02  9.5419195033E-01
 -5.0804456797E-02  1.0955851749E+00
 -3.4289440265E-02  1.2138056158E+00
 -2.3196558827E-02  1.1879856831E+00
 -1.7339009536E-02  8.9238788215E-01
 -1.5830406470E-02  6.2988760363E-01
 -1.8112683277E-02  8.6684093061E-01
 -2.4609666814E-02  1.0785869713E+00
 -3.7217881164E-02  1.1266696908E+00
 -5.9751260502E-02  1.0631601679E+00
 -9.7684915860E-02  9.3210813198E-01
 -5.2696953947E-02  1.1094475986E+00
  8.9224039645E-02  9.0662381129E-01
  8.3873344124E-02  8.8889667703E-01
 -6.4167858152E-02  9.7717881283E-01
 -4.8385052133E-02  1.0846954990E+00
 -3.5187728213E-02  1.2053318416E+00
 -2.4773922793E-02  1.2976538869E+00
 -1.7623076000E-02  1.2610476068E+00
  1.3745660008E-02  1.0103669973E+00
  1.2819487519E-02  8.2196684057E-01
 -1.4644095418E-02  1.0066591455E+00
 -1.9528334017E-02  1.1789491073E+00
 -2.8644251342E-02  1.2179749616E+00
 -4.4357640674E-02  1.1652016525E+00
 -7.0158747883E-02  1.0507193998E+00
 -4.6580040709E-02  1.1157682150E+00
  7.7285256562E-02  9.2580644772E-01
  9.8879305986E-02  8.6711871103E-01
  7.2758292000E-02  9.5922851820E-01
  5.4686408234E-02  1.0396252971E+00
 -4.1795375345E-02  1.1257086844E+00
 -3.1815806552E-02  1.2291441268E+00
 -2.3678981168E-02  1.3446860108E+00
 -1.7270213604E-02  1.4342930409E+00
 -1.2791073328E-02  1.4086329015E+00
  1.0328837230E-02  1.2046274226E+00
  9.8226982560E-03  1.0642037161E+00
  1.1234992811E-02  1.2006700882E+00
 -1.4760082457E-02  1.3233279314E+00
 -2.1055553802E-02  1.3378860141E+00
 -3.1474751414E-02  1.2831491083E+00
 -4.8107077157E-02  1.1797163918E+00
 -7.3252622935E-02  1.0411087628E+00
 -4.1158944884E-02  1.1434098110E+00
 -6.7460774107E-02  9.6416140024E-01
  9.0988984945E-02  8.7884176235E-01
  6.5239941178E-02  9.9750127796E-01
  4.7343773426E-02  1.0996949570E+00
  3.5288102617E-02  1.1931854215E+00
  2.6905292909E-02  1.2957248237E+00
 -2.0597347522E-02  1.4176061998E+00
 -1.5566779294E-02  1.5523591885E+00
 -1.1629626725E-02  1.6612319169E+00
  8.8645151806E-03  1.6565052228E+00
  7.3577384375E-03  1.4859095171E+00
  7.1340596809E-03  1.3691167576E+00
  8.2103181702E-03  1.4598202986E+00
  1.0702201514E-02  1.5243827350E+00
 -1.4966762675E-02  1.4967259675E+00
 -2.1759664396E-02  1.4197285746E+00
 -3.2310072310E-02  1.3113096152E+00
 -4.8138132102E-02  1.1754627516E+00
 -3.5597619028E-02  1.2024595765E+00
 -5.7874058204E-02  1.0321621616E+00
 -9.1191229998E-02  8.6283453619E-01
  8.7690589316E-02  8.5903305279E-01
  6.2162937819E-02  9.8692272282E-01
  4.3773991066E-02  1.1137411418E+00
  3.1243024648E-02  1.2352777454E+00
  2.2917077426E-02  1.3606419437E+00
  1.7252857513E-02  1.5055353186E+00
 -1.3133255918E-02  1.6745382532E+00
 -9.9591938281E-03  1.8542158966E+00
 -7.5319718473E-03  1.9987358830E+00
  4.9739037263E-03  1.8600706196E+00
  4.9253751343E-03  1.7507644458E+00
  5.7362434641E-03  1.7978077823E+00
  7.4822448458E-03  1.7982757080E+00
 -1.0372116935E-02  1.7124085836E+00
 -1.4849306195E-02  1.5908695033E+00
 -2.1658149488E-02  1.4548339484E+00
 -3.1793896198E-02  1.3063890471E+00
 -1.0105724215E-02  1.8318943284E+00
 -1.3926487693E-02  1.6368703604E+00
 -1.8371859493E-02  1.5058390406E+00
 -2.3082100088E-02  1.4198594580E+00
 -2.7404914580E-02  1.3676944402E+00
 -3.0496857581E-02  1.3444875437E+00
 -3.1622132409E-02  1.3490293877E+00
 -3.0512467419E-02  1.3806282138E+00
 -2.7530140509E-02  1.4365388566E+00
 -2.3491059032E-02  1.5108160358E+00
 -1.9274623654E-02  1.5959845011E+00
 -1.5491684889E-02  1.6883534079E+00
 -1.2379401123E-02  1.7933092158E+00
 -9.8962865061E-03  1.9230430310E+00
  9.0806177719E-03  1.8898139331E+00
  1.2976869386E-02  1.7019178539E+00
 -1.8585107289E-02  1.5240576092E+00
 -1.4975858234E-02  1.5995511227E+00
 -2.1276717846E-02  1.4429310704E+00
 -2.9096781238E-02  1.3316836147E+00
 -3.7935412357E-02  1.2501281289E+00
 -4.6555188049E-02  1.1927179115E+00
 -5.3124753509E-02  1.1605269909E+00
 -5.5904300048E-02  1.1566599691E+00
 -5.4152412336E-02  1.1825428478E+00
 -4.8569134798E-02  1.2354510387E+00
 -4.0889968043E-02  1.3072318279E+00
 -3.2970270254E-02  1.3856937172E+00
 -2.6044210823E-02  1.4610129116E+00
 -2.0530746585E-02  1.5345516319E+00
 -1.6274725693E-02  1.6196944154E+00
 -1.2914494670E-02  1.7310631324E+00
 -1.0153856099E-02  1.8727859525E+00
  4.2616871929E-03  1.9560162233E+00
  4.3634263015E-03  1.8771660003E+00
  5.1939447685E-03  1.9154564373E+00
  6.8272534752E-03  1.8834568310E+00
 -9.4330475868E-03  1.7741228910E+00
 -1.3353383260E-02  1.6420764234E+00
 -1.9150017798E-02  1.5065899493E+00
 -2.7546980389E-02  1.3657563480E+00
 -2.1510214569E-02  1.4417498252E+00
 -3.1815672061E-02  1.3018965427E+00
 -4.5494019322E-02  1.1887058384E+00
 -6.1923718253E-02  1.0934719409E+00
 -7.8803629299E-02  1.0186764821E+00
 -9.2317932195E-02  9.7100005302E-01
 -9.8618544324E-02  9.5580879733E-01
 -9.5923018431E-02  9.7469193351E-01
 -8.5576489171E-02  1.0245777666E+00
 -7.1133911252E-02  1.0967794352E+00
 -5.6340259044E-02  1.1770484778E+00
 -4.3613418572E-02  1.2507440385E+00
 -3.3722708599E-02  1.3136973232E+00
 -2.6309663923E-02  1.3776242006E+00
 -2.0617660943E-02  1.4600858616E+00
 -1.6023837653E-02  1.5693627752E+00
 -1.2247879596E-02  1.6930416798E+00
 -9.2900707470E-03  1.7819671551E+00
  7.2566677754E-03  1.7456281966E+00
  6.2332079120E-03  1.5675381896E+00
  6.2604216842E-03  1.4881949124E+00
  7.3769933832E-03  1.5716472922E+00
 -9.6939559356E-03  1.6000656979E+00
 -1.3497721565E-02  1.5471821119E+00
 -1.9367441208E-02  1.4611296455E+00
 -2.8227828594E-02  1.3572119632E+00
 -4.1191564505E-02  1.2337920889E+00
 -2.9861240532E-02  1.3298214874E+00
 -4.6235740585E-02  1.1867716913E+00
 -6.9314963371E-02  1.0560687786E+00
 -9.8462907550E-02  9.3931347985E-01
 -9.3879361316E-02  9.7131534041E-01
 -7.1395934292E-02  1.0495816128E+00
 -5.4162380046E-02  1.1159959924E+00
 -4.1516475494E-02  1.1785125340E+00
 -3.2032613198E-02  1.2545387864E+00
 -2.4503294122E-02  1.3533511243E+00
 -1.8368366992E-02  1.4635837271E+00
 -1.3599720488E-02  1.5376247764E+00
  1.0339959007E-02  1.4835018535E+00
  8.6595565274E-03  1.2746083045E+00
  8.5455604329E-03  1.1815622492E+00
  1.0012465032E-02  1.3093807558E+00
 -1.3243302386E-02  1.3915577696E+00
 -1.8757799264E-02  1.3810213818E+00
 -2.7587609953E-02  1.3210439908E+00
 -4.1308061127E-02  1.2269629163E+00
 -6.1638946409E-02  1.1037394547E+00
 -3.9707890036E-02  1.2458347399E+00
 -6.4320407897E-02  1.0866221087E+00
 -8.3503669336E-02  9.3926101622E-01
 -6.3227973148E-02  1.0098224755E+00
 -4.8210919962E-02  1.0934816711E+00
 -3.6325861351E-02  1.1984655940E+00
 -2.6622602110E-02  1.3127721309E+00
 -1.9117027391E-02  1.3869000144E+00
 -1.4046694699E-02  1.3200530353E+00
  1.1419148773E-02  1.0672861340E+00
  1.1073098214E-02  9.4197031868E-01
  1.2945108130E-02  1.1132390895E+00
 -1.7327146003E-02  1.2411696973E+00
 -2.5130301553E-02  1.2579029267E+00
 -3.8141314428E-02  1.2055873765E+00
 -5.8993005796E-02  1.1047873815E+00
 -9.0309123452E-02  9.7211373268E-01
 -4.9932204990E-02  1.1830459370E+00
 -8.4083203406E-02  1.0035732356E+00
  9.1363861872E-02  8.6508387093E-01
 -6.9418800855E-02  9.5894110301E-01
 -5.1784568189E-02  1.0764907982E+00
 -3.7132137471E-02  1.2064155751E+00
 -2.5771671940E-02  1.2967145306E+00
 -1.8195470573E-02  1.2314616568E+00
  1.4290307900E-02  9.3384139583E-01
  1.3600123161E-02  7.5707738771E-01
 -1.5889817410E-02  9.7084849640E-01
 -2.1575065483E-02  1.1358565796E+00
 -3.2104014554E-02  1.1667912404E+00
 -5.0317618762E-02  1.1098720439E+00
 -8.0320638682E-02  9.9502136088E-01
 -5.8646994998E-02  1.1420346624E+00
 -9.3331128081E-02  8.4598949163E-01
 -6.9354505771E-02  9.7341265384E-01
 -4.8878026824E-02  1.1208846418E+00
 -3.2879376286E-02  1.2362848807E+00
 -2.2321817606E-02  1.1878595175E+00
 -1.6927512998E-02  8.5853234102E-01
 -1.5805622667E-02  6.1948605850E-01
 -1.8452735632E-02  8.7294824005E-01
 -2.5384405937E-02  1.0661764880E+00
 -3.8629978873E-02  1.1026332172E+00
 -6.2201937068E-02  1.0365873158E+00
 -6.3856888762E-02  1.1248180439E+00
 -8.4369054755E-02  8.9805364623E-01
 -5.8844154089E-02  1.0569660883E+00
 -3.8743182629E-02  1.1935112504E+00
 -2.5559115892E-02  1.1660168128E+00
 -1.8863191632E-02  8.2354970917E-01
 -1.7337618050E-02  5.3009685842E-01
 -2.0206291035E-02  8.1400904845E-01
 -2.8034912930E-02  1.0261284337E+00
 -4.3302721683E-02  1.0642396175E+00
 -7.0954927894E-02  9.9074030281E-01
 -6.4490664074E-02  1.1299147383E+00
 -9.0496320215E-02  8.6813523803E-01
 -6.2960582626E-02  1.0293989114E+00
 -4.1181243051E-02  1.1732152045E+00
 -2.6897341172E-02  1.1564899675E+00
 -1.9633840467E-02  8.1513334096E-01
 -1.7902894017E-02  4.9758976736E-01
 -2.0811657630E-02  7.9217387148E-01
 -2.8929561414E-02  1.0126873108E+00
 -4.4886287770E-02  1.0519500566E+00
 -7.3952784262E-02  9.7613488430E-01
 -6.1014253701E-02  1.1498327828E+00
 -8.4640454974E-02  8.9085849996E-01
 -5.9226611726E-02  1.0456944714E+00
 -3.9119973878E-02  1.1806847258E+00
 -2.5841878427E-02  1.1591802341E+00
 -1.9020170125E-02  8.2893569891E-01
 -1.7377065980E-02  5.2834626442E-01
 -2.0140995995E-02  8.0800569776E-01
 -2.7849683983E-02  1.0251962131E+00
 -4.2922202714E-02  1.0660352814E+00
 -7.0204305872E-02  9.9399014017E-01
 -5.5076884546E-02  1.1720794069E+00
 -9.5474618815E-02  9.5871811784E-01
 -9.3610924157E-02  8.3867586898E-01
 -6.9955506435E-02  9.5826585249E-01
 -4.9605802600E-02  1.0988581738E+00
 -3.3548445768E-02  1.2135402600E+00
 -2.2805050955E-02  1.1788383937E+00
 -1.7186848241E-02  8.7124424775E-01
 -1.5861629820E-02  6.1781074348E-01
 -1.8329332625E-02  8.6335770521E-01
 -2.5058104241E-02  1.0650818149E+00
 -3.7979593846E-02  1.1062039397E+00
 -6.0948107137E-02  1.0426868291E+00
 -9.9513747935E-02  9.1631404950E-01
 -4.8519412438E-02  1.1852381729E+00
 -8.2112273960E-02  9.8301753929E-01
  9.1532015849E-02  8.5860419020E-01
 -7.0038102112E-02  9.4484819236E-01
 -5.2662411911E-02  1.0532784445E+00
 -3.8063696999E-02  1.1768224868E+00
 -2.6569063509E-02  1.2710699095E+00
 -1.8744554480E-02  1.2282695208E+00
 -1.4568696089E-02  9.5636755509E-01
  1.3640117281E-02  7.5837581019E-01
 -1.5721645983E-02  9.6161388330E-01
 -2.1175305206E-02  1.1360986432E+00
 -3.1345255563E-02  1.1722542881E+00
 -4.8909363078E-02  1.1181231747E+00
 -7.7760146368E-02  1.0056553906E+00
 -4.2543211131E-02  1.1883650855E+00
 -7.0027715258E-02  9.9849572176E-01
  8.4562939028E-02  9.1969135384E-01
  6.4097048373E-02  9.9049111014E-01
 -4.9138884003E-02  1.0698255901E+00
 -3.7315068598E-02  1.1692333849E+00
 -2.7554829753E-02  1.2823317155E+00
 -1.9862014681E-02  1.3679960972E+00
 -1.4532023122E-02  1.3305415367E+00
  1.1643259818E-02  1.1011012286E+00
  1.1072919211E-02  9.4920660597E-01
  1.2750151775E-02  1.1085404747E+00
 -1.6918772023E-02  1.2448114025E+00
 -2.4403367809E-02  1.2657814967E+00
 -3.6860314072E-02  1.2153301454E+00
 -5.6755826462E-02  1.1165720300E+00
 -8.6571713603E-02  9.8568452125E-01
 -3.7463106557E-02  1.1943427828E+00
  6.0125347275E-02  1.0142548763E+00
  9.2642364902E-02  8.5372740337E-01
  7.6734167038E-02  9.7478600790E-01
  5.6943425714E-02  1.0596205779E+00
  4.3128398167E-02  1.1335875292E+00
 -3.3186433992E-02  1.2160515193E+00
 -2.5457946722E-02  1.3195190254E+00
 -1.9154065207E-02  1.4382990688E+00
 -1.4177960265E-02  1.5325099064E+00
 -1.0688939983E-02  1.5114197041E+00
  8.7947203376E-03  1.3194235618E+00
  8.5009298529E-03  1.1967369220E+00
  9.8111762896E-03  1.3125717690E+00
 -1.2871890977E-02  1.4009110278E+00
 -1.8142971691E-02  1.3924941442E+00
 -2.6569830128E-02  1.3322844126E+00
 -3.9618445493E-02  1.2386219916E+00
 -5.8911169368E-02  1.1165147147E+00
 -3.2929797716E-02  1.2205122647E+00
 -5.1878557323E-02  1.0479882772E+00
 -7.8571736970E-02  8.9723164347E-01
  9.5458916321E-02  8.6464104141E-01
  7.0694479540E-02  9.8381524388E-01
  5.1515689834E-02  1.0964270017E+00
  3.7891349781E-02  1.1944360302E+00
  2.8542176209E-02  1.2878248449E+00
  2.1928331402E-02  1.3950972424E+00
 -1.6890054812E-02  1.5259178513E+00
 -1.2849784131E-02  1.6719602767E+00
 -9.6831008574E-03  1.7904784265E+00
  7.4660258748E-03  1.7890499151E+00
  6.2864944656E-03  1.6210405501E+00
  6.1854753007E-03  1.5117152477E+00
  7.1888689091E-03  1.5848098075E+00
  9.3828494729E-03  1.6173596687E+00
 -1.3018039647E-02  1.5641432739E+00
 -1.8624364594E-02  1.4751710379E+00
 -2.7063574644E-02  1.3690322454E+00
 -3.9386679453E-02  1.2448520788E+00
 -2.8373528916E-02  1.2777487719E+00
 -4.4094520368E-02  1.1114260909E+00
 -6.5976386584E-02  9.6824337978E-01
 -9.2282477835E-02  8.4119833860E-01
  8.8920576850E-02  8.5061341841E-01
  6.7160535268E-02  9.5996683601E-01
  4.8929409745E-02  1.0823306702E+00
  3.5164566076E-02  1.2076010651E+00
  2.5483358604E-02  1.3310757744E+00
  1.8892789640E-02  1.4631676577E+00
  1.4316504568E-02  1.6196278843E+00
  1.0940592847E-02  1.8037548003E+00
 -8.3247536572E-03  1.9993191016E+00
  4.2798607459E-03  1.9075570650E+00
  5.0336085275E-03  1.9394238570E+00
  6.5827095121E-03  1.9106158881E+00
 -9.0773997191E-03  1.7989503033E+00
 -1.2834346860E-02  1.6615541409E+00
 -1.8381674956E-02  1.5211024065E+00
 -2.6405876821E-02  1.3770739446E+00
 -8.4567434197E-03  1.9592873541E+00
 -1.1561734733E-02  1.7388385702E+00
 -1.5098630335E-02  1.5901539069E+00
 -1.8766143294E-02  1.4934889641E+00
 -2.2068939297E-02  1.4358940150E+00
 -2.4398146795E-02  1.4102908638E+00
 -2.5236386353E-02  1.4134919976E+00
 -2.4397924925E-02  1.4436959479E+00
 -2.2138714747E-02  1.4983121517E+00
 -1.9040873848E-02  1.5730319688E+00
 -1.5747738227E-02  1.6632586216E+00
 -1.2727209191E-02  1.7681909748E+00
 -1.0184796767E-02  1.8943322243E+00
  1.0575219862E-02  1.8218972286E+00
 -1.4807663544E-02  1.6379327673E+00
 -1.2401237217E-02  1.6968075174E+00
 -1.7362676509E-02  1.5215280153E+00
 -2.3340557565E-02  1.4014171729E+00
 -2.9915851660E-02  1.3186699768E+00
 -3.6192570092E-02  1.2642960228E+00
 -4.0909003424E-02  1.2360149535E+00
 -4.2886658176E-02  1.2346724495E+00
 -4.1618443993E-02  1.2607213807E+00
 -3.7569337744E-02  1.3116093194E+00
 -3.1930085332E-02  1.3805948956E+00
 -2.6013189824E-02  1.4583712397E+00
 -2.0731192734E-02  1.5388844430E+00
 -1.6432087451E-02  1.6261361765E+00
 -1.3046330965E-02  1.7332816236E+00
 -1.0341001086E-02  1.8724169069E+00
 -7.8956782688E-03  1.8999758738E+00
 -1.1019977959E-02  1.7440864989E+00
 -1.5467892101E-02  1.5981667821E+00
 -2.1674056126E-02  1.4590811798E+00
 -1.7542363240E-02  1.5194385170E+00
 -2.5376270772E-02  1.3709024114E+00
 -3.5423225892E-02  1.2600034957E+00
 -4.7158218151E-02  1.1732365601E+00
 -5.8987402460E-02  1.1079654704E+00
 -6.8370690404E-02  1.0676165797E+00
 -7.2758743977E-02  1.0565425158E+00
 -7.0929085819E-02  1.0765941640E+00
 -6.3711463757E-02  1.1251523673E+00
 -5.3472893376E-02  1.1939661566E+00
 -4.2815567056E-02  1.2700901763E+00
 -3.3495630776E-02  1.3419026757E+00
 -2.6124836795E-02  1.4088265824E+00
 -2.0500904837E-02  1.4840293137E+00
 -1.6122162891E-02  1.5837587851E+00
 -1.2568868107E-02  1.7139255465E+00
 -9.6526390747E-03  1.8590992010E+00
 -7.3782269452E-03  1.9650688068E+00
  5.8294414991E-03  1.9360595034E+00
  5.0829089078E-03  1.7629852507E+00
  5.1853831619E-03  1.6875406650E+00
  6.1753068140E-03  1.7454195502E+00
  8.1276300959E-03  1.7337064854E+00
 -1.1219004630E-02  1.6464432978E+00
 -1.5802659636E-02  1.5402234355E+00
 -2.2440279018E-02  1.4332328043E+00
 -3.1793725380E-02  1.3204944790E+00
 -2.3907005126E-02  1.3987464543E+00
 -3.5950080079E-02  1.2584891054E+00
 -5.2345049027E-02  1.1398912535E+00
 -7.2535283023E-02  1.0368911932E+00
 -9.3821787023E-02  9.5432245415E-01
 -8.7533818104E-02  1.0075009019E+00
 -6.8973021913E-02  1.0864057122E+00
 -5.2944643324E-02  1.1599942183E+00
 -4.0521832206E-02  1.2226094088E+00
 -3.1292184245E-02  1.2851365127E+00
 -2.4294892850E-02  1.3656391400E+00
 -1.8718023224E-02  1.4729998705E+00
 -1.4179276551E-02  1.5948504742E+00
 -1.0652282550E-02  1.6812293647E+00
  8.2443375221E-03  1.6381519475E+00
  7.0375809721E-03  1.4462328105E+00
  7.0630566437E-03  1.3658051549E+00
  8.3552054892E-03  1.4645154243E+00
 -1.1036188041E-02  1.5042519385E+00
 -1.5423608006E-02  1.4615437044E+00
 -2.2143229753E-02  1.3882406402E+00
 -3.2150155050E-02  1.3003909466E+00
 -4.6480684823E-02  1.1955666144E+00
 -3.1192772238E-02  1.3148268504E+00
 -4.8822908619E-02  1.1683344419E+00
 -7.4066058033E-02  1.0324287705E+00
 -8.0162691232E-02  9.9410612461E-01
 -6.0343575111E-02  1.0608698816E+00
 -4.5896786774E-02  1.1240919590E+00
 -3.5169461766E-02  1.2014531535E+00
 -2.6735803247E-02  1.3024791057E+00
 -1.9915337116E-02  1.4155696979E+00
 -1.4645436140E-02  1.4917894089E+00
 -1.1064904929E-02  1.4346146152E+00
  9.2356738729E-03  1.2129285449E+00
  9.1316652886E-03  1.1165830791E+00
  1.0763783333E-02  1.2540471582E+00
 -1.4331357389E-02  1.3379350707E+00
 -2.0393908959E-02  1.3271336704E+00
 -3.0038758393E-02  1.2703499902E+00
 -4.4872991591E-02  1.1845545216E+00
 -6.6517801821E-02  1.0742112480E+00
 -3.8581459504E-02  1.2571716581E+00
 -6.2608852100E-02  1.0966959440E+00
 -9.8366705888E-02  9.4203464163E-01
 -8.4630972946E-02  9.2526379977E-01
 -6.3733095968E-02  9.9421119785E-01
 -4.8395291625E-02  1.0767290291E+00
 -3.6377321792E-02  1.1817268106E+00
 -2.6640020699E-02  1.2974377722E+00
 -1.9136401460E-02  1.3740550297E+00
 -1.4076763399E-02  1.3083464473E+00
  1.1473683738E-02  1.0520762704E+00
  1.1184752590E-02  9.2844322534E-01
  1.3163037351E-02  1.1015423534E+00
 -1.7705681850E-02  1.2213045302E+00
 -2.5708625947E-02  1.2306558133E+00
 -3.8907412759E-02  1.1779278800E+00
 -5.9825129580E-02  1.0841190486E+00
 -9.0892369452E-02  9.6294503263E-01
 -4.4776064836E-02  1.2225814812E+00
 -7.4730568006E-02  1.0468557933E+00
  8.2255987617E-02  8.9495538965E-01
 -6.2242214371E-02  9.8353219375E-01
 -4.6458852308E-02  1.0953610305E+00
 -3.3547043775E-02  1.2190206781E+00
 -2.3581094111E-02  1.3037299033E+00
 -1.6906143644E-02  1.2378461312E+00
  1.3467809677E-02  9.5168920971E-01
  1.2956999876E-02  7.9424597987E-01
 -1.5234061974E-02  9.9771321768E-01
 -2.0690045191E-02  1.1444180844E+00
 -3.0587999231E-02  1.1648553258E+00
 -4.7384675062E-02  1.1096386385E+00
 -7.4632665537E-02  1.0053500780E+00
 -4.8430526403E-02  1.2107039778E+00
 -8.2267213062E-02  1.0226857172E+00
  9.6767237120E-02  8.3129701283E-01
 -7.3262239213E-02  9.2301609678E-01
 -5.4535965843E-02  1.0393121237E+00
 -3.9039366079E-02  1.1698224537E+00
 -2.7031464982E-02  1.2637677839E+00
 -1.9016841516E-02  1.2032066795E+00
 -1.4885673020E-02  8.9944845899E-01
  1.4171451366E-02  7.1205673979E-01
 -1.6640040120E-02  9.3653632141E-01
 -2.2745142381E-02  1.1006557315E+00
 -3.4035547121E-02  1.1264369268E+00
 -5.3541634830E-02  1.0676408801E+00
 -8.5645521179E-02  9.5563866926E-01
 -4.8816686672E-02  1.2193597047E+00
 -8.3440274094E-02  1.0241193936E+00
 -7.7523515860E-02  9.0126257285E-01
 -5.7738389969E-02  1.0177328699E+00
 -4.1253739549E-02  1.1498774259E+00
 -2.8432429013E-02  1.2478333331E+00
 -1.9865131705E-02  1.1923263130E+00
 -1.5432541049E-02  8.8579046624E-01
  1.4609134592E-02  6.8405163702E-01
 -1.7120024252E-02  9.1518614719E-01
 -2.3434227877E-02  1.0864350794E+00
 -3.5196411465E-02  1.1143335748E+00
 -5.5636840989E-02  1.0543242990E+00
 -8.9431030535E-02  9.3984434053E-01
 -4.6241662538E-02  1.2415191267E+00
 -7.8633872791E-02  1.0451255036E+00
  9.6364521951E-02  8.3341771276E-01
 -7.3255912343E-02  9.2139147518E-01
 -5.4733491461E-02  1.0337027804E+00
 -3.9309892872E-02  1.1613685407E+00
 -2.7281873780E-02  1.2560547404E+00
 -1.9194175398E-02  1.2026084759E+00
 -1.4975452275E-02  9.0742124362E-01
  1.4181139311E-02  7.1238950672E-01
 -1.6577451211E-02  9.3350643942E-01
 -2.2599148256E-02  1.1008649146E+00
 -3.3756773756E-02  1.1283753592E+00
 -5.3018826649E-02  1.0705479030E+00
 -8.4683522297E-02  9.5942636849E-01
 -4.1844932240E-02  1.2657367692E+00
 -7.0055621636E-02  1.0741092356E+00
  8.1699771954E-02  8.9790509940E-01
 -6.2300478882E-02  9.7972411742E-01
 -4.6835091713E-02  1.0846280498E+00
 -3.4026001324E-02  1.2040115632E+00
 -2.4010455578E-02  1.2916701069E+00
 -1.7202958863E-02  1.2401255457E+00
  1.3612226217E-02  9.6854314559E-01
  1.2963582709E-02  7.9630600537E-01
 -1.5116571398E-02  9.9345476747E-01
 -2.0430451660E-02  1.1455666517E+00
 -3.0106092158E-02  1.1688458728E+00
 -4.6501595149E-02  1.1151762789E+00
 -7.3037908841E-02  1.0124432578E+00
 -3.6937369037E-02  1.2818265030E+00
 -6.0377707825E-02  1.0981842680E+00
 -9.5002580555E-02  9.2834013822E-01
 -8.3404761338E-02  9.3128781096E-01
 -6.3369372327E-02  9.9482686462E-01
 -4.8592077741E-02  1.0696939343E+00
 -3.6872382019E-02  1.1673130714E+00
 -2.7213233154E-02  1.2799781062E+00
 -1.9628193890E-02  1.3637634203E+00
 -1.4404068089E-02  1.3188966479E+00
  1.1620941258E-02  1.0789437716E+00
  1.1171206261E-02  9.3446053658E-01
  1.3004775537E-02  1.0990302054E+00
 -1.7383180521E-02  1.2247791177E+00
 -2.5136085785E-02  1.2370515776E+00
 -3.7897092425E-02  1.1856953116E+00
 -5.8056062026E-02  1.0935818133E+00
 -8.7924131133E-02  9.7407629326E-01
 -3.2398161327E-02  1.2895172888E+00
 -5.1492221430E-02  1.1121433309E+00
 -7.8688456400E-02  9.5590694952E-01
 -7.9996559215E-02  9.8378224822E-01
 -6.0203057495E-02  1.0541478167E+00
 -4.6005414550E-02  1.1157881804E+00
 -3.5544351443E-02  1.1889019191E+00
 -2.7269659005E-02  1.2861918704E+00
 -2.0462990508E-02  1.4007846839E+00
 -1.5088480912E-02  1.4898707355E+00
 -1.1343230122E-02  1.4581307251E+00
  9.3429951401E-03  1.2503657312E+00
  9.0878555827E-03  1.1288017687E+00
  1.0583145846E-02  1.2565190714E+00
 -1.3996467324E-02  1.3456023298E+00
 -1.9832178670E-02  1.3367173385E+00
 -2.9096067315E-02  1.2801691427E+00
 -4.3290918519E-02  1.1952834815E+00
 -6.3945184976E-02  1.0864150829E+00
 -2.8472911077E-02  1.3008834463E+00
 -4.4066438902E-02  1.1253225505E+00
  6.5428091393E-02  9.7979255256E-01
  9.1423069457E-02  8.5950125633E-01
 -9.6458116124E-02  9.0921871618E-01
 -7.3928036471E-02  1.0128040793E+00
  5.5423356770E-02  1.1072930322E+00
  4.1734995490E-02  1.1844507020E+00
  3.2002128397E-02  1.2557287362E+00
 -2.4861538355E-02  1.3417098612E+00
 -1.9239327946E-02  1.4542388518E+00
 -1.4631018363E-02  1.5855612832E+00
 -1.0985851317E-02  1.6914124331E+00
  8.4343758507E-03  1.6763694577E+00
  7.0882707566E-03  1.4936685003E+00
  6.9917880350E-03  1.3857485491E+00
  8.1718766012E-03  1.4747269608E+00
 -1.0726618795E-02  1.5182022499E+00
 -1.4935494721E-02  1.4756689688E+00
 -2.1370501705E-02  1.4006458139E+00
 -3.0919056949E-02  1.3118592454E+00
 -4.4555688499E-02  1.2072461844E+00
 -2.4939809352E-02  1.3319200409E+00
 -3.7792875668E-02  1.1553684285E+00
 -5.4818935022E-02  1.0166257201E+00
  7.4738225053E-02  9.0542979032E-01
  9.3746535239E-02  8.2445820092E-01
  8.5327112898E-02  9.0045739116E-01
  6.7638370782E-02  1.0016344369E+00
  5.1255013806E-02  1.1130298085E+00
  3.8126795155E-02  1.2193167880E+00
  2.8538589503E-02  1.3157310851E+00
  2.1778218195E-02  1.4152370530E+00
  1.6872237136E-02  1.5360653017E+00
 -1.3070268709E-02  1.6856493311E+00
 -1.0002494561E-02  1.8519390702E+00
 -7.6010983548E-03  1.9855110886E+00
  5.9355053119E-03  1.9866901320E+00
  5.0861128002E-03  1.8182294213E+00
  5.1000049817E-03  1.7155511138E+00
  6.0067261183E-03  1.7652949990E+00
  7.8647161122E-03  1.7560114356E+00
 -1.0827837752E-02  1.6670169845E+00
 -1.5218909245E-02  1.5568185555E+00
 -2.1561371484E-02  1.4464093004E+00
 -3.0479866519E-02  1.3317080594E+00
 -2.1438709672E-02  1.3937335047E+00
 -3.1969048754E-02  1.2151063333E+00
 -4.5568084734E-02  1.0806417778E+00
 -6.0966876679E-02  9.7546366868E-01
 -7.4850548557E-02  8.9995991494E-01
 -8.2900130813E-02  8.6146830531E-01
 -8.2479647290E-02  8.6428796094E-01
 -7.4374550862E-02  9.0638580893E-01
  6.1814206268E-02  9.8210711772E-01
  4.8282529214E-02  1.0844300990E+00
  3.6182287703E-02  1.2038619904E+00
  2.6608579053E-02  1.3296135996E+00
  1.9630569019E-02  1.4590560648E+00
  1.4729917399E-02  1.6045982208E+00
  1.1234162801E-02  1.7812391271E+00
  8.6104056486E-03  1.9898679580E+00
 -7.5990233271E-03  1.9292370428E+00
 -1.0598912054E-02  1.7674019135E+00
 -1.4866012349E-02  1.6157185438E+00
 -2.0813248408E-02  1.4723221592E+00
 -9.1956664079E-03  1.8900758458E+00
 -1.1899526638E-02  1.7152813634E+00
 -1.4641019359E-02  1.6005959812E+00
 -1.7059472988E-02  1.5316301663E+00
 -1.8737988563E-02  1.4993314774E+00
 -1.9335402263E-02  1.4986143900E+00
 -1.8733478123E-02  1.5265703403E+00
 -1.7103320985E-02  1.5808447291E+00
 -1.4834628026E-02  1.6589445487E+00
 -1.2369902549E-02  1.7592340034E+00
 -1.0049088222E-02  1.8835529783E+00
 -8.2559318757E-03  1.9905079108E+00
 -1.1293708600E-02  1.7937696620E+00
 -9.8404554631E-03  1.8412673414E+00
 -1.3590659438E-02  1.6369707043E+00
 -1.7966201151E-02  1.4986632218E+00
 -2.2628760743E-02  1.4070768022E+00
 -2.6959996025E-02  1.3502791759E+00
 -3.0147300053E-02  1.3225387443E+00
 -3.1456498269E-02  1.3219009923E+00
 -3.0577152007E-02  1.3473432032E+00
 -2.7801776112E-02  1.3964535676E+00
 -2.3886655740E-02  1.4644765495E+00
 -1.9690212130E-02  1.5458446999E+00
 -1.5841565039E-02  1.6386892485E+00
 -1.2616440254E-02  1.7491727999E+00
 -1.0012183070E-02  1.8893172838E+00
 -8.7244989780E-03  1.8918601246E+00
 -1.1988404841E-02  1.7257000033E+00
 -1.6346124336E-02  1.5803358228E+00
 -1.3724135031E-02  1.6334159869E+00
 -1.9420387926E-02  1.4650124328E+00
 -2.6433830265E-02  1.3473725897E+00
 -3.4331918706E-02  1.2633754261E+00
 -4.2070541714E-02  1.2052700904E+00
 -4.8092421371E-02  1.1720601280E+00
 -5.0869475524E-02  1.1655135841E+00
 -4.9664392078E-02  1.1865752575E+00
 -4.4962389119E-02  1.2328740938E+00
 -3.8203947564E-02  1.2975924602E+00
 -3.1029363968E-02  1.3709768474E+00
 -2.4601047643E-02  1.4461289796E+00
 -1.9375916500E-02  1.5263568643E+00
 -1.5281466014E-02  1.6251514734E+00
 -1.2033515415E-02  1.7558920512E+00
 -9.3834196119E-03  1.9204914564E+00
  4.0892390919E-03  1.9570668431E+00
  4.9366350961E-03  1.9842933786E+00
  6.5228260693E-03  1.9239316312E+00
 -8.9433053171E-03  1.7923574120E+00
 -1.2382088555E-02  1.6547499755E+00
 -1.7127535375E-02  1.5334938447E+00
 -2.3506105220E-02  1.4232913304E+00
 -1.8367841774E-02  1.4939112584E+00
 -2.6786403050E-02  1.3456797063E+00
 -3.7742311240E-02  1.2329418547E+00
 -5.0749255823E-02  1.1427764942E+00
 -6.4114890498E-02  1.0732994458E+00
 -7.5011962696E-02  1.0284887019E+00
 -8.0481349865E-02  1.0129442441E+00
 -7.8964010406E-02  1.0286127481E+00
 -7.1225037243E-02  1.0730320091E+00
 -5.9868454233E-02  1.1382456040E+00
 -4.7873046708E-02  1.2115685701E+00
 -3.7307747972E-02  1.2812987775E+00
 -2.8934183482E-02  1.3464973042E+00
 -2.2559647824E-02  1.4203218343E+00
 -1.7626416694E-02  1.5195345569E+00
 -1.3655253169E-02  1.6503747516E+00
 -1.0422126039E-02  1.7970470103E+00
 -7.9189689485E-03  1.9036595029E+00
  6.2273917703E-03  1.8703324203E+00
  5.4235519162E-03  1.6881106537E+00
  5.5537133960E-03  1.6149783590E+00
  6.6565844100E-03  1.6793073020E+00
 -8.8062854177E-03  1.6673817035E+00
 -1.2170714288E-02  1.5810016236E+00
 -1.7073079506E-02  1.4814914654E+00
 -2.4001347315E-02  1.3884462449E+00
 -3.3467171992E-02  1.2960609716E+00
 -2.3500116355E-02  1.4017490529E+00
 -3.5407454139E-02  1.2596030478E+00
 -5.1701135290E-02  1.1397032122E+00
 -7.1933865007E-02  1.0353721407E+00
 -9.3545938582E-02  9.5098572326E-01
 -8.9894226104E-02  9.8840775115E-01
 -7.0909982926E-02  1.0644004845E+00
 -5.4365099247E-02  1.1358638683E+00
 -4.1486477132E-02  1.1975180300E+00
 -3.1912657545E-02  1.2606256726E+00
 -2.4675428452E-02  1.3435773999E+00
 -1.8939166329E-02  1.4552474072E+00
 -1.4299645204E-02  1.5825905546E+00
 -1.0714884703E-02  1.6734793777E+00
  8.2840543696E-03  1.6292059348E+00
  7.0881459064E-03  1.4302136676E+00
  7.1616887259E-03  1.3515879819E+00
  8.5433026032E-03  1.4503573014E+00
 -1.1353106541E-02  1.4802071891E+00
 -1.5887869030E-02  1.4285768086E+00
 -2.2713473184E-02  1.3534373641E+00
 -3.2659024582E-02  1.2728332478E+00
 -4.6543086842E-02  1.1832701253E+00
 -2.8545744137E-02  1.3434051956E+00
 -4.4357427429E-02  1.1974594837E+00
 -6.6890891014E-02  1.0643916707E+00
 -9.5867784040E-02  9.4450811877E-01
 -9.8606887507E-02  9.3814580474E-01
 -7.4643188268E-02  1.0129553907E+00
 -5.6202224521E-02  1.0766720491E+00
 -4.2724456516E-02  1.1380551829E+00
 -3.2717352495E-02  1.2156821547E+00
 -2.4878006907E-02  1.3195062434E+00
 -1.8568294002E-02  1.4377014059E+00
 -1.3707492815E-02  1.5198026661E+00
  1.0414505991E-02  1.4658374757E+00
  8.7612758494E-03  1.2455255707E+00
  8.7494975131E-03  1.1553174907E+00
  1.0408111951E-02  1.2844472290E+00
 -1.3919380496E-02  1.3483638453E+00
 -1.9762714278E-02  1.3212607142E+00
 -2.8849006139E-02  1.2588696233E+00
 -4.2493935815E-02  1.1793629333E+00
 -6.1954850755E-02  1.0837387635E+00
 -3.2670119330E-02  1.3118697751E+00
 -5.2057233290E-02  1.1575072082E+00
 -8.0507291264E-02  1.0108365446E+00
 -9.4765216145E-02  9.1995273217E-01
 -7.0742667418E-02  9.8650713076E-01
 -5.3366806614E-02  1.0495573080E+00
 -4.0603378365E-02  1.1272153123E+00
 -3.0657754965E-02  1.2296278592E+00
 -2.2656979915E-02  1.3454475871E+00
 -1.6500491847E-02  1.4247836937E+00
 -1.2337949486E-02  1.3649543428E+00
  1.0223681799E-02  1.1241834609E+00
  1.0109887997E-02  1.0185119314E+00
  1.2005253578E-02  1.1719968172E+00
 -1.6156405880E-02  1.2613805912E+00
 -2.3244056303E-02  1.2498731295E+00
 -3.4564403228E-02  1.1924227092E+00
 -5.1982754474E-02  1.1086883334E+00
 -7.7260347916E-02  1.0047322944E+00
 -3.5041094029E-02  1.3037270269E+00
 -5.6764092637E-02  1.1408491946E+00
 -8.9206786615E-02  9.8359538654E-01
 -8.1538435004E-02  9.3145209226E-01
 -6.1327751846E-02  9.9582098521E-01
 -4.6542380520E-02  1.0743290958E+00
 -3.5019095061E-02  1.1771222947E+00
 -2.5721449755E-02  1.2932487432E+00
 -1.8557909208E-02  1.3732278730E+00
 -1.3717174524E-02  1.3119730733E+00
  1.1239977445E-02  1.0574869467E+00
  1.1032675549E-02  9.3734083939E-01
  1.3081502460E-02  1.1066135092E+00
 -1.7679953198E-02  1.2121185137E+00
 -2.5666208190E-02  1.2091281614E+00
 -3.8642949085E-02  1.1528358138E+00
 -5.8918004975E-02  1.0646771935E+00
 -8.8666392728E-02  9.5456128041E-01
 -3.5219248252E-02  1.3153734937E+00
 -5.7415263253E-02  1.1468115067E+00
 -9.0756924275E-02  9.8365429397E-01
 -8.5220397101E-02  9.1528377487E-01
 -6.4163656878E-02  9.7904360707E-01
 -4.8742666470E-02  1.0567968003E+00
 -3.6685475058E-02  1.1588905042E+00
 -2.6916166870E-02  1.2749224155E+00
 -1.9365555145E-02  1.3561394553E+00
 -1.4251725982E-02  1.2968584896E+00
  1.1618552894E-02  1.0391750531E+00
  1.1357478346E-02  9.1093779698E-01
  1.3444647905E-02  1.0849315402E+00
 -1.8186997229E-02  1.1965646323E+00
 -2.6475553315E-02  1.1965322675E+00
 -4.0019518790E-02  1.1404531520E+00
 -6.1282764656E-02  1.0507141542E+00
 -9.2588057553E-02  9.3860818372E-01
 -3.3406356625E-02  1.3401285957E+00
 -5.4232304849E-02  1.1699280225E+00
 -8.5323898054E-02  1.0064500420E+00
 -8.0537733445E-02  9.3914239843E-01
 -6.0899950094E-02  1.0001562526E+00
 -4.6448440117E-02  1.0750667451E+00
 -3.5096891149E-02  1.1747493140E+00
 -2.5861244954E-02  1.2894811158E+00
 -1.8690260217E-02  1.3715536219E+00
 -1.3807027645E-02  1.3168021061E+00
  1.1277922043E-02  1.0670569668E+00
  1.1021960976E-02  9.3970523132E-01
  1.3024987804E-02  1.1063504074E+00
 -1.7569294938E-02  1.2136371582E+00
 -2.5471567005E-02  1.2114464117E+00
 -3.8300740522E-02  1.1555340102E+00
 -5.8319399116E-02  1.0679423176E+00
 -8.7659668271E-02  9.5847819088E-01
 -3.0333422446E-02  1.3683293157E+00
 -4.8564798291E-02  1.1996592613E+00
 -7.5284394881E-02  1.0416247837E+00
 -9.1864807635E-02  9.3813095806E-01
 -6.9191810256E-02  1.0002861557E+00
 -5.2696951033E-02  1.0573088704E+00
 -4.0465163167E-02  1.1286043002E+00
 -3.0797274287E-02  1.2257963623E+00
 -2.2894715669E-02  1.3398431414E+00
 -1.6721417125E-02  1.4240077810E+00
 -1.2484494618E-02  1.3766716805E+00
  1.0280926779E-02  1.1436554836E+00
  1.0083517232E-02  1.0242322839E+00
  1.1899833685E-02  1.1727545308E+00
 -1.5957782636E-02  1.2650776242E+00
 -2.2903081976E-02  1.2547520262E+00
 -3.3978021290E-02  1.1977304707E+00
 -5.0976696778E-02  1.1148503548E+00
 -7.5594158600E-02  1.0120437350E+00
 -2.6860279846E-02  1.3920990333E+00
 -4.2098976597E-02  1.2246855245E+00
 -6.3754077826E-02  1.0757988500E+00
 -9.1423196738E-02  9.4629673651E-01
 -9.4635941275E-02  9.5758968708E-01
 -7.2091053628E-02  1.0323868204E+00
 -5.4765059914E-02  1.0918892115E+00
 -4.2093823658E-02  1.1465614815E+00
 -3.2609988685E-02  1.2171255288E+00
 -2.5053077928E-02  1.3157036301E+00
 -1.8839322836E-02  1.4335499673E+00
 -1.3950994057E-02  1.5240935324E+00
 -1.0568948143E-02  1.4874824327E+00
  8.8115231665E-03  1.2752820243E+00
  8.7021388454E-03  1.1659995311E+00
  1.0267559132E-02  1.2883951511E+00
 -1.3669164624E-02  1.3554798284E+00
 -1.9349020369E-02  1.3292655505E+00
 -2.8162203506E-02  1.2667651014E+00
 -4.1352296010E-02  1.1878218202E+00
 -6.0111092537E-02  1.0934151183E+00
 -2.3584510061E-02  1.4123220793E+00
 -3.6062819684E-02  1.2415093767E+00
 -5.3081261754E-02  1.1005562064E+00
 -7.3968505531E-02  9.8424954647E-01
 -9.5848897871E-02  8.9587324817E-01
 -8.8618016975E-02  9.7901578265E-01
 -6.9535927926E-02  1.0654698754E+00
 -5.3213996277E-02  1.1424420530E+00
 -4.0734067612E-02  1.2040924315E+00
 -3.1580144643E-02  1.2638019565E+00
 -2.4673446948E-02  1.3427227879E+00
 -1.9129401867E-02  1.4523117192E+00
 -1.4547782600E-02  1.5830144111E+00
 -1.0924279913E-02  1.6867566614E+00
  8.4060777853E-03  1.6632169573E+00
  7.1118687167E-03  1.4702904047E+00
  7.0930849693E-03  1.3688991804E+00
  8.3849677149E-03  1.4599721264E+00
 -1.1089057598E-02  1.4924111614E+00
 -1.5471025603E-02  1.4407026552E+00
 -2.2052143850E-02  1.3642513277E+00
 -3.1605391103E-02  1.2831228890E+00
 -4.4899105795E-02  1.1940699081E+00
 -2.0693238571E-02  1.4397852263E+00
 -3.0908328177E-02  1.2597107346E+00
 -4.4223951930E-02  1.1213464632E+00
 -5.9799547944E-02  1.0147415141E+00
 -7.5235321012E-02  9.3869580237E-01
 -8.6909703075E-02  8.9654091719E-01
 -9.1493370223E-02  8.9140503743E-01
 -8.7763054087E-02  9.2326350764E-01
 -7.7278329776E-02  9.8760490196E-01
 -6.3414076784E-02  1.0743330460E+00
 -4.9595112399E-02  1.1678562313E+00
  3.7973821227E-02  1.2530646626E+00
  2.9148718837E-02  1.3276569868E+00
  2.2677044387E-02  1.4068113024E+00
 -1.7784662824E-02  1.5100894554E+00
 -1.3859131496E-02  1.6461185340E+00
 -1.0623199031E-02  1.8025778318E+00
 -8.0689702535E-03  1.9274438432E+00
  6.3008155150E-03  1.9171859767E+00
  5.4164091647E-03  1.7377711355E+00
  5.4708122633E-03  1.6401465966E+00
  6.4981430372E-03  1.6968838584E+00
 -8.5583276535E-03  1.6865820665E+00
 -1.1797783385E-02  1.5987261123E+00
 -1.6510499964E-02  1.4962152063E+00
 -2.3148570779E-02  1.4008270372E+00
 -3.2191534794E-02  1.3073432591E+00
 -1.8065628774E-02  1.4880087041E+00
 -2.6474147697E-02  1.2956551769E+00
 -3.6993340445E-02  1.1550474832E+00
 -4.8722353217E-02  1.0525444972E+00
 -5.9637756510E-02  9.8344483880E-01
  6.7041045103E-02  9.4889774251E-01
  6.8818372380E-02  9.5099231861E-01
 -6.4625969765E-02  9.8934347981E-01
 -5.6009863656E-02  1.0597403885E+00
 -4.5477572400E-02  1.1533991034E+00
  3.5323187231E-02  1.2573266297E+00
  2.6897791652E-02  1.3599251489E+00
  2.0525462848E-02  1.4618096229E+00
  1.5865085924E-02  1.5782866568E+00
  1.2371770522E-02  1.7254676392E+00
 -9.6136232437E-03  1.9067494846E+00
  4.0036455786E-03  1.9904604777E+00
  6.3094491212E-03  1.9520998433E+00
 -8.6360630354E-03  1.8175796922E+00
 -1.1940454406E-02  1.6751644311E+00
 -1.6491305198E-02  1.5494495778E+00
 -2.2596791579E-02  1.4360106928E+00
 -1.5490512010E-02  1.5671377946E+00
 -2.2369052165E-02  1.3620507403E+00
 -3.0699618616E-02  1.2168070885E+00
 -3.9622212372E-02  1.1145801913E+00
 -4.7452091627E-02  1.0476922855E+00
 -5.2156396318E-02  1.0153428791E+00
 -5.2398410785E-02  1.0187748849E+00
 -4.8304130423E-02  1.0579191792E+00
 -4.1277689364E-02  1.1303237564E+00
 -3.3173990239E-02  1.2305000314E+00
  2.5535447178E-02  1.3496434316E+00
  1.9227582749E-02  1.4795356926E+00
  1.4448251227E-02  1.6216810832E+00
  1.0964183998E-02  1.7900327403E+00
  8.3994829124E-03  1.9975602190E+00
 -8.3949837709E-03  1.9203184049E+00
 -1.1533772587E-02  1.7478092012E+00
 -1.5722464765E-02  1.5971805454E+00
